City,20200227,20200228,20200229,20200301,20200302,20200303,20200304,20200305,20200306,20200307,20200308,20200309,20200310,20200311,20200312,20200313,20200314,20200315,20200316,20200317,20200318,20200319,20200320,20200321,20200322,20200323,20200324,20200325,20200326,20200327,20200328,20200329,20200330,20200331,20200401,20200402,20200403,20200404,20200405,20200406
's-Hertogenbosch,0.0,0.0,0.0,0.0,0.0,0.0,0.0,0.0,0.0,2.0,2.0,3.0,4.0,5.0,8.0,11.0,14.0,14.0,20.0,24.0,30.0,35.0,38.0,45.0,55.0,60.0,67.0,75.0,87.0,108,117,131,150,67,69,72,80,81,84.0,87
Aa en Hunze,0.0,0.0,0.0,0.0,0.0,0.0,0.0,0.0,0.0,0.0,0.0,0.0,0.0,0.0,0.0,0.0,0.0,0.0,0.0,0.0,0.0,0.0,0.0,0.0,1.0,1.0,1.0,1.0,3.0,3,4,4,5,1,1,1,1,1,1.0,1
Aalsmeer,0.0,0.0,0.0,0.0,0.0,0.0,0.0,0.0,0.0,0.0,0.0,0.0,2.0,2.0,2.0,3.0,3.0,3.0,3.0,3.0,3.0,4.0,5.0,5.0,7.0,8.0,9.0,10.0,11.0,12,16,17,18,5,5,6,7,7,7.0,8
Aalten,0.0,0.0,0.0,0.0,0.0,0.0,0.0,0.0,0.0,0.0,0.0,0.0,0.0,0.0,0.0,0.0,0.0,0.0,0.0,0.0,0.0,0.0,1.0,1.0,1.0,1.0,1.0,2.0,2.0,3,3,5,5,1,1,1,1,1,1.0,1
Achtkarspelen,0.0,0.0,0.0,0.0,0.0,0.0,0.0,0.0,0.0,0.0,0.0,0.0,0.0,0.0,0.0,0.0,0.0,0.0,0.0,0.0,0.0,0.0,0.0,0.0,0.0,0.0,0.0,1.0,1.0,2,2,2,2,0,0,0,0,0,0.0,0
Alblasserdam,0.0,0.0,0.0,0.0,0.0,0.0,0.0,0.0,0.0,0.0,0.0,0.0,0.0,0.0,0.0,0.0,0.0,0.0,0.0,1.0,1.0,2.0,3.0,3.0,4.0,4.0,4.0,5.0,6.0,6,6,7,7,2,2,3,4,5,5.0,5
Albrandswaard,0.0,0.0,0.0,0.0,0.0,0.0,0.0,0.0,0.0,0.0,1.0,1.0,1.0,1.0,1.0,1.0,1.0,1.0,2.0,3.0,4.0,4.0,5.0,8.0,12.0,14.0,18.0,18.0,19.0,21,23,24,25,4,5,5,5,5,5.0,5
Alkmaar,0.0,0.0,0.0,0.0,0.0,0.0,0.0,0.0,0.0,0.0,0.0,0.0,1.0,1.0,1.0,1.0,1.0,1.0,2.0,2.0,5.0,9.0,10.0,11.0,15.0,16.0,20.0,24.0,29.0,36,42,45,49,19,21,24,28,33,34.0,35
Almelo,0.0,0.0,0.0,0.0,0.0,0.0,0.0,0.0,0.0,0.0,1.0,1.0,1.0,1.0,1.0,1.0,1.0,1.0,1.0,1.0,1.0,2.0,3.0,4.0,5.0,7.0,8.0,10.0,12.0,14,15,19,20,8,10,12,13,13,14.0,15
Almere,0.0,0.0,0.0,0.0,0.0,0.0,0.0,0.0,1.0,1.0,1.0,1.0,1.0,1.0,1.0,1.0,2.0,2.0,3.0,3.0,4.0,5.0,5.0,11.0,14.0,18.0,21.0,28.0,32.0,39,48,57,60,46,50,61,67,72,77.0,77
Alphen aan den Rijn,0.0,0.0,0.0,0.0,1.0,1.0,1.0,1.0,1.0,1.0,1.0,1.0,1.0,2.0,3.0,4.0,6.0,6.0,6.0,6.0,9.0,10.0,13.0,15.0,17.0,17.0,20.0,22.0,30.0,32,35,41,44,29,32,33,36,37,38.0,40
Alphen-Chaam,0.0,0.0,0.0,0.0,0.0,0.0,0.0,0.0,0.0,0.0,0.0,0.0,0.0,0.0,0.0,0.0,1.0,1.0,2.0,3.0,6.0,6.0,6.0,7.0,9.0,14.0,15.0,16.0,19.0,19,21,24,26,9,9,10,10,11,11.0,13
Altena,0.0,0.0,0.0,1.0,1.0,3.0,3.0,4.0,4.0,4.0,4.0,4.0,4.0,4.0,5.0,8.0,9.0,10.0,12.0,12.0,15.0,19.0,19.0,22.0,23.0,25.0,28.0,35.0,35.0,39,41,41,44,17,19,19,21,21,21.0,22
Ameland,0.0,0.0,0.0,0.0,0.0,0.0,0.0,0.0,0.0,0.0,0.0,0.0,0.0,0.0,0.0,0.0,0.0,0.0,0.0,0.0,0.0,0.0,0.0,0.0,0.0,0.0,0.0,0.0,0.0,0,0,0,0,0,0,0,0,0,0.0,0
Amersfoort,0.0,0.0,0.0,0.0,0.0,0.0,0.0,0.0,0.0,0.0,0.0,0.0,0.0,2.0,4.0,4.0,4.0,10.0,18.0,21.0,23.0,30.0,32.0,37.0,37.0,41.0,44.0,47.0,54.0,59,63,68,69,24,24,28,31,34,36.0,36
Amstelveen,0.0,0.0,0.0,0.0,0.0,0.0,0.0,0.0,0.0,1.0,1.0,2.0,2.0,2.0,2.0,3.0,3.0,3.0,4.0,6.0,7.0,13.0,22.0,26.0,27.0,29.0,33.0,35.0,46.0,52,63,75,81,28,31,31,33,37,37.0,38
Amsterdam,0.0,1.0,1.0,1.0,1.0,0.0,1.0,2.0,2.0,3.0,4.0,4.0,8.0,8.0,11.0,20.0,31.0,31.0,39.0,56.0,61.0,85.0,127.0,161.0,188.0,203.0,250.0,297.0,351.0,411,477,530,571,244,246,263,286,306,323.0,330
Apeldoorn,0.0,0.0,0.0,0.0,0.0,0.0,0.0,0.0,0.0,0.0,0.0,0.0,0.0,1.0,2.0,2.0,3.0,3.0,7.0,7.0,10.0,11.0,13.0,16.0,17.0,26.0,29.0,34.0,39.0,49,52,53,60,19,22,22,24,26,28.0,28
Appingedam,0.0,0.0,0.0,0.0,0.0,0.0,0.0,0.0,0.0,0.0,0.0,0.0,0.0,0.0,0.0,0.0,0.0,0.0,0.0,0.0,0.0,0.0,0.0,0.0,0.0,0.0,0.0,0.0,0.0,1,1,1,1,1,1,1,1,2,2.0,2
Arnhem,0.0,0.0,0.0,0.0,0.0,0.0,0.0,0.0,1.0,1.0,3.0,2.0,2.0,3.0,4.0,4.0,4.0,7.0,7.0,8.0,9.0,10.0,13.0,15.0,16.0,20.0,23.0,25.0,34.0,46,52,59,63,28,30,33,37,39,40.0,44
Assen,0.0,0.0,0.0,0.0,0.0,0.0,0.0,0.0,0.0,0.0,0.0,0.0,0.0,0.0,0.0,0.0,0.0,0.0,0.0,0.0,0.0,0.0,1.0,1.0,2.0,4.0,5.0,5.0,7.0,8,10,12,12,5,7,7,7,7,7.0,7
Asten,0.0,0.0,0.0,0.0,0.0,0.0,0.0,0.0,0.0,0.0,0.0,0.0,0.0,0.0,0.0,0.0,0.0,1.0,1.0,2.0,2.0,2.0,2.0,5.0,5.0,5.0,6.0,6.0,6.0,8,10,15,17,4,5,6,7,8,8.0,8
Baarle-Nassau,0.0,0.0,0.0,0.0,0.0,0.0,0.0,0.0,0.0,0.0,0.0,0.0,0.0,0.0,0.0,0.0,0.0,0.0,0.0,0.0,0.0,0.0,1.0,1.0,1.0,1.0,1.0,2.0,2.0,2,2,3,3,1,1,1,1,1,1.0,1
Baarn,0.0,0.0,0.0,0.0,0.0,0.0,0.0,0.0,0.0,0.0,0.0,0.0,0.0,0.0,0.0,0.0,0.0,0.0,0.0,0.0,0.0,2.0,1.0,1.0,1.0,2.0,2.0,4.0,5.0,5,6,7,7,2,2,4,7,7,7.0,7
Barendrecht,0.0,0.0,0.0,0.0,0.0,0.0,0.0,0.0,0.0,0.0,0.0,0.0,0.0,0.0,1.0,1.0,1.0,3.0,3.0,3.0,3.0,4.0,5.0,9.0,10.0,13.0,15.0,16.0,19.0,21,28,29,30,16,17,18,20,21,21.0,21
Barneveld,0.0,0.0,0.0,0.0,0.0,0.0,0.0,0.0,0.0,0.0,0.0,0.0,0.0,0.0,0.0,0.0,0.0,2.0,3.0,4.0,5.0,6.0,8.0,8.0,9.0,10.0,12.0,13.0,13.0,17,19,20,22,5,8,8,8,9,9.0,9
Beek,0.0,0.0,0.0,0.0,0.0,0.0,0.0,0.0,0.0,0.0,0.0,0.0,0.0,0.0,0.0,0.0,0.0,3.0,3.0,3.0,3.0,3.0,5.0,5.0,5.0,5.0,9.0,13.0,13.0,13,14,15,15,0,0,7,10,10,10.0,11
Beekdaelen,0.0,0.0,0.0,0.0,0.0,0.0,0.0,0.0,1.0,2.0,2.0,4.0,5.0,8.0,0.0,8.0,9.0,12.0,13.0,15.0,18.0,18.0,19.0,19.0,19.0,20.0,29.0,30.0,32.0,34,37,39,43,12,12,28,28,29,32.0,34
Beemster,0.0,0.0,0.0,0.0,0.0,0.0,0.0,0.0,0.0,0.0,0.0,0.0,0.0,0.0,0.0,0.0,0.0,0.0,0.0,0.0,0.0,0.0,0.0,0.0,0.0,0.0,1.0,2.0,2.0,4,4,4,6,2,2,2,2,4,4.0,4
Beesel,0.0,0.0,0.0,0.0,0.0,0.0,0.0,0.0,0.0,0.0,0.0,0.0,0.0,0.0,0.0,0.0,0.0,0.0,0.0,0.0,0.0,0.0,1.0,3.0,5.0,5.0,6.0,7.0,8.0,11,13,15,15,10,10,11,11,11,11.0,13
Berg en Dal,0.0,0.0,0.0,0.0,0.0,0.0,0.0,0.0,0.0,0.0,0.0,0.0,1.0,3.0,3.0,5.0,6.0,6.0,10.0,14.0,14.0,18.0,20.0,25.0,30.0,33.0,35.0,37.0,43.0,44,53,64,69,15,17,19,21,23,25.0,25
Bergeijk,0.0,0.0,0.0,0.0,0.0,0.0,0.0,0.0,0.0,0.0,0.0,0.0,0.0,1.0,1.0,1.0,1.0,1.0,1.0,1.0,1.0,1.0,1.0,1.0,1.0,3.0,5.0,10.0,11.0,13,14,14,14,5,5,5,7,9,9.0,9
Bergen (L.),0.0,0.0,0.0,0.0,0.0,0.0,0.0,0.0,0.0,0.0,0.0,0.0,0.0,0.0,0.0,0.0,0.0,0.0,0.0,0.0,0.0,0.0,0.0,0.0,0.0,0.0,0.0,0.0,0.0,2,2,2,4,3,3,3,3,3,4.0,4
Bergen (NH.),0.0,0.0,0.0,0.0,0.0,0.0,0.0,0.0,0.0,0.0,0.0,0.0,0.0,0.0,0.0,0.0,1.0,1.0,1.0,0.0,0.0,0.0,0.0,0.0,0.0,0.0,0.0,0.0,0.0,16,20,22,23,8,10,11,11,11,11.0,15
Bergen op Zoom,0.0,0.0,0.0,0.0,0.0,0.0,0.0,0.0,0.0,0.0,1.0,1.0,1.0,1.0,1.0,1.0,1.0,4.0,4.0,5.0,5.0,6.0,8.0,9.0,10.0,12.0,12.0,12.0,13.0,15,17,17,17,11,13,13,14,14,14.0,15
Berkelland,0.0,0.0,0.0,0.0,0.0,0.0,0.0,0.0,0.0,0.0,0.0,0.0,0.0,0.0,0.0,0.0,0.0,0.0,0.0,0.0,0.0,1.0,1.0,1.0,1.0,2.0,2.0,2.0,2.0,2,2,5,5,1,1,1,1,1,1.0,1
Bernheze,0.0,0.0,0.0,0.0,0.0,0.0,0.0,0.0,0.0,1.0,1.0,2.0,2.0,2.0,4.0,13.0,15.0,16.0,19.0,20.0,26.0,30.0,37.0,41.0,57.0,62.0,67.0,69.0,83.0,87,95,104,117,57,61,65,68,69,70.0,70
Best,0.0,0.0,0.0,0.0,0.0,0.0,0.0,1.0,1.0,1.0,2.0,2.0,2.0,3.0,3.0,3.0,3.0,3.0,4.0,5.0,6.0,6.0,8.0,11.0,14.0,14.0,17.0,19.0,21.0,23,23,25,27,18,19,21,24,24,24.0,24
Beuningen,0.0,0.0,0.0,0.0,0.0,0.0,0.0,0.0,1.0,1.0,5.0,3.0,3.0,3.0,3.0,3.0,4.0,4.0,5.0,6.0,6.0,6.0,8.0,9.0,11.0,12.0,13.0,15.0,15.0,16,18,23,24,12,12,14,15,15,15.0,15
Beverwijk,0.0,0.0,0.0,0.0,0.0,0.0,1.0,2.0,2.0,3.0,4.0,4.0,4.0,4.0,5.0,5.0,5.0,5.0,5.0,6.0,6.0,6.0,6.0,6.0,7.0,7.0,11.0,11.0,12.0,13,17,20,22,5,7,7,8,9,10.0,10
Bladel,0.0,0.0,0.0,0.0,0.0,0.0,0.0,0.0,0.0,0.0,0.0,0.0,0.0,0.0,0.0,0.0,1.0,1.0,1.0,1.0,2.0,3.0,6.0,7.0,11.0,12.0,14.0,15.0,15.0,15,18,18,21,7,10,11,11,12,12.0,12
Blaricum,0.0,0.0,0.0,0.0,0.0,0.0,1.0,1.0,1.0,1.0,1.0,1.0,1.0,1.0,1.0,1.0,1.0,1.0,1.0,1.0,2.0,2.0,3.0,4.0,4.0,4.0,4.0,5.0,6.0,6,6,6,6,1,2,5,5,5,5.0,5
Bloemendaal,0.0,0.0,0.0,0.0,0.0,0.0,0.0,0.0,0.0,1.0,1.0,1.0,1.0,1.0,1.0,1.0,1.0,1.0,1.0,3.0,3.0,3.0,3.0,8.0,8.0,11.0,13.0,13.0,16.0,17,19,19,19,3,3,3,4,4,4.0,5
Bodegraven-Reeuwijk,0.0,0.0,0.0,0.0,0.0,0.0,0.0,0.0,0.0,0.0,0.0,0.0,0.0,0.0,1.0,1.0,1.0,1.0,1.0,1.0,1.0,1.0,1.0,3.0,5.0,5.0,5.0,5.0,8.0,9,10,11,12,2,3,3,4,5,5.0,5
Boekel,0.0,0.0,0.0,0.0,0.0,0.0,0.0,0.0,0.0,0.0,1.0,1.0,2.0,7.0,8.0,11.0,12.0,12.0,14.0,14.0,19.0,20.0,25.0,32.0,37.0,40.0,42.0,42.0,42.0,51,53,59,61,21,23,26,27,27,27.0,27
Borger-Odoorn,0.0,0.0,0.0,0.0,0.0,0.0,0.0,0.0,0.0,0.0,0.0,0.0,0.0,0.0,0.0,0.0,0.0,0.0,0.0,0.0,0.0,0.0,0.0,0.0,0.0,0.0,0.0,0.0,0.0,1,1,2,2,1,1,1,2,2,2.0,2
Borne,0.0,0.0,0.0,0.0,0.0,0.0,0.0,1.0,1.0,2.0,3.0,3.0,3.0,3.0,2.0,3.0,3.0,3.0,3.0,3.0,3.0,3.0,3.0,4.0,5.0,7.0,8.0,11.0,12.0,13,15,19,21,10,10,10,12,13,13.0,13
Borsele,0.0,0.0,0.0,0.0,0.0,0.0,0.0,0.0,0.0,0.0,0.0,0.0,0.0,1.0,1.0,1.0,1.0,1.0,2.0,2.0,2.0,3.0,3.0,3.0,3.0,3.0,4.0,5.0,6.0,7,7,7,7,3,3,3,3,3,3.0,4
Boxmeer,0.0,0.0,0.0,0.0,0.0,0.0,0.0,0.0,0.0,0.0,0.0,0.0,0.0,0.0,0.0,1.0,1.0,1.0,1.0,1.0,2.0,2.0,5.0,6.0,7.0,7.0,9.0,9.0,10.0,13,17,19,25,8,10,11,12,13,14.0,14
Boxtel,0.0,0.0,0.0,0.0,0.0,0.0,0.0,0.0,0.0,0.0,0.0,0.0,0.0,0.0,1.0,1.0,2.0,2.0,3.0,5.0,5.0,6.0,6.0,11.0,12.0,12.0,15.0,15.0,19.0,22,24,24,26,9,9,9,11,11,11.0,11
Breda,0.0,0.0,0.0,0.0,0.0,0.0,0.0,0.0,2.0,2.0,16.0,19.0,27.0,32.0,42.0,53.0,64.0,71.0,86.0,96.0,105.0,113.0,121.0,133.0,140.0,161.0,167.0,181.0,201.0,215,227,237,245,113,118,121,125,126,126.0,127
Brielle,0.0,0.0,0.0,0.0,0.0,0.0,0.0,0.0,0.0,0.0,0.0,0.0,0.0,0.0,0.0,0.0,0.0,0.0,0.0,0.0,0.0,1.0,1.0,1.0,1.0,1.0,1.0,1.0,2.0,5,10,11,11,5,5,5,5,7,7.0,7
Bronckhorst,0.0,0.0,0.0,0.0,0.0,0.0,0.0,0.0,1.0,1.0,2.0,2.0,2.0,2.0,2.0,2.0,2.0,2.0,2.0,2.0,2.0,3.0,5.0,6.0,6.0,6.0,7.0,7.0,8.0,8,9,11,11,1,1,1,1,1,1.0,1
Brummen,0.0,0.0,0.0,0.0,0.0,0.0,0.0,0.0,0.0,0.0,0.0,0.0,0.0,0.0,0.0,0.0,0.0,0.0,0.0,0.0,0.0,1.0,1.0,1.0,1.0,4.0,4.0,4.0,4.0,5,5,8,8,3,4,5,6,6,6.0,6
Brunssum,0.0,0.0,0.0,0.0,0.0,0.0,0.0,0.0,0.0,0.0,0.0,0.0,0.0,0.0,0.0,0.0,0.0,0.0,0.0,2.0,4.0,4.0,6.0,6.0,6.0,8.0,17.0,20.0,22.0,24,25,26,31,9,9,21,23,24,25.0,25
Bunnik,0.0,0.0,0.0,0.0,0.0,0.0,0.0,0.0,0.0,0.0,0.0,0.0,0.0,0.0,0.0,0.0,0.0,0.0,0.0,0.0,0.0,1.0,2.0,3.0,3.0,4.0,6.0,8.0,9.0,9,10,10,10,4,4,4,5,5,6.0,6
Bunschoten,0.0,0.0,0.0,0.0,0.0,0.0,0.0,0.0,0.0,0.0,0.0,0.0,0.0,0.0,0.0,0.0,0.0,0.0,0.0,0.0,0.0,0.0,0.0,0.0,0.0,0.0,1.0,3.0,3.0,3,4,4,6,1,2,2,2,2,3.0,3
Buren,0.0,0.0,0.0,0.0,0.0,0.0,0.0,0.0,0.0,0.0,0.0,0.0,0.0,0.0,1.0,2.0,2.0,2.0,4.0,4.0,4.0,5.0,5.0,5.0,5.0,5.0,6.0,7.0,7.0,7,7,8,9,5,5,5,6,6,7.0,7
Capelle aan den IJssel,0.0,0.0,0.0,0.0,0.0,0.0,0.0,0.0,0.0,0.0,0.0,0.0,0.0,0.0,0.0,0.0,0.0,0.0,0.0,1.0,1.0,2.0,3.0,3.0,7.0,7.0,13.0,23.0,26.0,31,41,42,44,20,22,23,23,23,23.0,23
Castricum,0.0,0.0,0.0,0.0,0.0,0.0,0.0,0.0,0.0,0.0,0.0,0.0,0.0,0.0,0.0,0.0,4.0,5.0,5.0,5.0,5.0,6.0,6.0,7.0,8.0,8.0,10.0,10.0,13.0,18,19,20,24,8,8,8,11,12,12.0,12
Coevorden,0.0,0.0,0.0,1.0,1.0,2.0,2.0,3.0,3.0,3.0,7.0,9.0,11.0,11.0,11.0,11.0,11.0,11.0,11.0,11.0,12.0,12.0,13.0,14.0,14.0,14.0,15.0,15.0,17.0,17,20,20,20,5,6,6,6,7,7.0,9
Cranendonck,0.0,0.0,0.0,0.0,0.0,0.0,0.0,0.0,0.0,0.0,0.0,0.0,0.0,1.0,1.0,2.0,2.0,2.0,2.0,5.0,6.0,6.0,8.0,11.0,13.0,19.0,23.0,25.0,31.0,42,42,55,58,28,35,38,41,44,44.0,44
Cuijk,0.0,0.0,0.0,0.0,0.0,0.0,0.0,0.0,0.0,0.0,0.0,0.0,0.0,1.0,1.0,2.0,2.0,2.0,2.0,2.0,2.0,4.0,4.0,4.0,4.0,5.0,6.0,8.0,8.0,8,10,10,14,5,6,6,6,6,7.0,7
Culemborg,0.0,0.0,0.0,0.0,0.0,0.0,0.0,1.0,1.0,1.0,1.0,1.0,1.0,1.0,1.0,2.0,2.0,2.0,2.0,4.0,4.0,4.0,4.0,5.0,5.0,5.0,8.0,8.0,14.0,14,16,18,20,13,15,17,17,18,19.0,20
Dalfsen,0.0,0.0,0.0,0.0,0.0,0.0,0.0,0.0,0.0,0.0,0.0,0.0,0.0,0.0,0.0,0.0,0.0,1.0,1.0,1.0,1.0,1.0,4.0,5.0,8.0,9.0,11.0,12.0,13.0,14,15,16,16,7,7,9,9,10,10.0,12
Dantumadiel,0.0,0.0,0.0,0.0,0.0,0.0,0.0,0.0,0.0,0.0,0.0,0.0,0.0,0.0,0.0,0.0,0.0,0.0,0.0,0.0,0.0,0.0,0.0,0.0,0.0,0.0,0.0,0.0,1.0,1,1,3,3,0,0,1,1,2,2.0,2
De Bilt,0.0,0.0,0.0,0.0,0.0,0.0,0.0,2.0,3.0,6.0,6.0,6.0,6.0,10.0,11.0,11.0,11.0,12.0,13.0,15.0,16.0,16.0,18.0,19.0,20.0,23.0,27.0,32.0,34.0,36,39,39,42,11,13,13,15,16,17.0,18
De Fryske Marren,0.0,0.0,0.0,0.0,0.0,0.0,0.0,0.0,0.0,0.0,0.0,0.0,0.0,0.0,1.0,2.0,2.0,3.0,3.0,3.0,5.0,5.0,6.0,8.0,8.0,8.0,8.0,9.0,12.0,12,17,21,22,11,11,11,11,12,12.0,12
De Ronde Venen,0.0,0.0,0.0,0.0,0.0,0.0,0.0,0.0,0.0,0.0,0.0,0.0,0.0,0.0,0.0,0.0,0.0,0.0,2.0,2.0,2.0,2.0,3.0,3.0,4.0,6.0,8.0,9.0,13.0,17,17,19,24,11,12,16,17,17,18.0,21
De Wolden,0.0,0.0,0.0,0.0,0.0,0.0,0.0,0.0,0.0,0.0,0.0,0.0,0.0,0.0,0.0,0.0,1.0,1.0,1.0,1.0,1.0,1.0,2.0,3.0,3.0,3.0,3.0,3.0,3.0,3,7,7,7,2,2,2,2,2,2.0,2
Delft,0.0,0.0,1.0,1.0,1.0,1.0,1.0,1.0,1.0,1.0,1.0,1.0,1.0,1.0,1.0,2.0,2.0,2.0,2.0,2.0,4.0,5.0,9.0,11.0,12.0,16.0,17.0,21.0,25.0,27,29,32,34,19,22,23,23,25,27.0,27
Delfzijl,0.0,0.0,0.0,0.0,0.0,0.0,0.0,0.0,0.0,0.0,0.0,0.0,0.0,0.0,0.0,0.0,0.0,0.0,0.0,0.0,0.0,0.0,0.0,0.0,0.0,1.0,1.0,1.0,2.0,4,7,7,7,4,4,4,4,4,5.0,5
Den Helder,0.0,0.0,0.0,0.0,0.0,0.0,0.0,0.0,0.0,0.0,0.0,0.0,0.0,1.0,1.0,1.0,1.0,1.0,1.0,1.0,1.0,2.0,2.0,3.0,3.0,4.0,5.0,5.0,6.0,9,9,11,11,6,6,6,6,7,8.0,8
Deurne,0.0,0.0,0.0,0.0,0.0,0.0,0.0,0.0,0.0,0.0,1.0,1.0,1.0,3.0,3.0,3.0,3.0,4.0,5.0,8.0,8.0,10.0,13.0,19.0,22.0,22.0,25.0,30.0,35.0,42,46,53,58,34,37,39,43,44,44.0,44
Deventer,0.0,0.0,0.0,0.0,0.0,0.0,0.0,0.0,0.0,0.0,0.0,0.0,0.0,0.0,0.0,0.0,0.0,1.0,2.0,4.0,5.0,5.0,7.0,16.0,16.0,17.0,20.0,26.0,30.0,33,45,46,53,21,22,25,25,26,26.0,28
Diemen,0.0,0.0,2.0,2.0,2.0,3.0,2.0,2.0,2.0,2.0,2.0,2.0,2.0,2.0,2.0,2.0,2.0,2.0,2.0,2.0,2.0,2.0,3.0,3.0,4.0,4.0,4.0,6.0,6.0,7,7,8,9,4,4,4,4,4,4.0,4
Dinkelland,0.0,0.0,0.0,0.0,0.0,0.0,0.0,0.0,0.0,1.0,2.0,2.0,2.0,2.0,1.0,3.0,4.0,4.0,5.0,5.0,6.0,8.0,9.0,13.0,14.0,15.0,17.0,20.0,25.0,28,30,32,34,11,13,15,15,16,16.0,16
Doesburg,0.0,0.0,0.0,0.0,0.0,0.0,0.0,0.0,0.0,0.0,0.0,0.0,0.0,0.0,0.0,0.0,0.0,1.0,1.0,1.0,1.0,1.0,3.0,3.0,4.0,4.0,4.0,5.0,5.0,6,6,6,6,3,3,3,3,3,4.0,4
Doetinchem,0.0,0.0,0.0,0.0,0.0,0.0,0.0,0.0,0.0,0.0,0.0,0.0,0.0,0.0,0.0,0.0,0.0,0.0,0.0,0.0,0.0,3.0,4.0,5.0,5.0,6.0,8.0,10.0,17.0,17,18,23,24,5,5,5,6,6,6.0,6
Dongen,0.0,0.0,0.0,0.0,0.0,0.0,0.0,1.0,1.0,2.0,3.0,3.0,3.0,4.0,4.0,4.0,5.0,5.0,5.0,5.0,5.0,5.0,2.0,2.0,2.0,2.0,4.0,6.0,6.0,10,12,18,21,7,7,10,10,11,11.0,11
Dordrecht,0.0,0.0,0.0,0.0,0.0,0.0,0.0,0.0,0.0,0.0,0.0,0.0,0.0,0.0,0.0,1.0,1.0,1.0,1.0,4.0,4.0,8.0,11.0,12.0,13.0,17.0,23.0,26.0,28.0,32,36,42,46,26,30,32,40,45,46.0,49
Drechterland,0.0,0.0,0.0,0.0,0.0,0.0,0.0,0.0,0.0,0.0,0.0,0.0,0.0,0.0,0.0,0.0,0.0,0.0,0.0,0.0,0.0,0.0,0.0,2.0,2.0,2.0,3.0,3.0,4.0,4,5,5,7,1,1,1,1,1,1.0,1
Drimmelen,0.0,0.0,0.0,0.0,0.0,0.0,0.0,0.0,0.0,0.0,0.0,0.0,0.0,1.0,3.0,5.0,5.0,5.0,7.0,11.0,12.0,13.0,13.0,14.0,14.0,16.0,17.0,20.0,21.0,24,26,30,30,14,14,14,14,14,14.0,14
Dronten,0.0,0.0,0.0,0.0,0.0,0.0,0.0,0.0,0.0,0.0,0.0,0.0,0.0,0.0,0.0,2.0,3.0,6.0,7.0,7.0,8.0,9.0,10.0,11.0,10.0,11.0,11.0,11.0,11.0,11,11,13,13,8,10,12,12,15,15.0,15
Druten,0.0,0.0,0.0,0.0,0.0,0.0,0.0,0.0,0.0,0.0,0.0,0.0,0.0,0.0,0.0,1.0,3.0,5.0,5.0,5.0,5.0,5.0,5.0,5.0,5.0,6.0,6.0,7.0,7.0,11,13,16,18,12,13,13,16,16,16.0,16
Duiven,0.0,0.0,0.0,0.0,0.0,0.0,0.0,0.0,0.0,0.0,0.0,0.0,0.0,0.0,0.0,1.0,1.0,1.0,1.0,1.0,2.0,2.0,2.0,2.0,2.0,2.0,2.0,2.0,3.0,4,6,6,7,4,4,4,4,5,5.0,6
Echt-Susteren,0.0,0.0,0.0,0.0,0.0,0.0,0.0,0.0,0.0,0.0,0.0,0.0,0.0,0.0,0.0,0.0,0.0,0.0,0.0,2.0,6.0,6.0,7.0,11.0,12.0,14.0,15.0,20.0,23.0,25,28,29,32,20,22,22,23,23,25.0,27
Edam-Volendam,0.0,0.0,0.0,0.0,0.0,0.0,0.0,0.0,0.0,0.0,0.0,0.0,0.0,0.0,0.0,0.0,0.0,0.0,0.0,0.0,0.0,3.0,3.0,4.0,5.0,6.0,7.0,9.0,10.0,14,14,14,16,10,10,10,11,14,14.0,14
Ede,0.0,0.0,0.0,0.0,0.0,0.0,0.0,0.0,0.0,0.0,0.0,0.0,0.0,0.0,0.0,0.0,0.0,1.0,2.0,2.0,5.0,5.0,9.0,13.0,16.0,21.0,22.0,26.0,33.0,37,46,49,50,24,29,31,31,34,37.0,41
Eemnes,0.0,0.0,0.0,0.0,0.0,0.0,0.0,0.0,0.0,0.0,0.0,0.0,0.0,0.0,0.0,0.0,0.0,0.0,0.0,0.0,1.0,1.0,1.0,1.0,1.0,1.0,1.0,1.0,1.0,1,1,1,2,1,1,1,1,1,1.0,1
Eersel,0.0,0.0,0.0,0.0,0.0,0.0,0.0,0.0,0.0,0.0,0.0,0.0,0.0,0.0,1.0,1.0,2.0,2.0,2.0,3.0,4.0,4.0,6.0,7.0,9.0,10.0,13.0,13.0,14.0,15,17,20,23,11,13,15,16,18,18.0,18
Eijsden-Margraten,0.0,0.0,0.0,0.0,0.0,0.0,0.0,0.0,0.0,0.0,0.0,0.0,0.0,0.0,0.0,0.0,1.0,3.0,4.0,4.0,4.0,4.0,6.0,6.0,6.0,7.0,15.0,20.0,26.0,32,43,48,53,6,6,24,25,29,32.0,36
Eindhoven,0.0,0.0,0.0,0.0,0.0,1.0,1.0,3.0,4.0,4.0,6.0,7.0,8.0,8.0,8.0,12.0,13.0,21.0,21.0,22.0,23.0,24.0,28.0,35.0,46.0,55.0,68.0,80.0,93.0,113,128,139,143,46,62,69,79,87,87.0,87
Elburg,0.0,0.0,0.0,0.0,0.0,0.0,0.0,0.0,0.0,0.0,0.0,0.0,0.0,0.0,0.0,1.0,1.0,1.0,1.0,1.0,1.0,1.0,2.0,2.0,3.0,4.0,4.0,5.0,6.0,9,11,16,18,2,4,4,4,4,5.0,6
Emmen,0.0,0.0,0.0,0.0,0.0,0.0,0.0,0.0,0.0,0.0,1.0,1.0,1.0,1.0,1.0,1.0,1.0,1.0,1.0,1.0,2.0,3.0,4.0,4.0,4.0,6.0,7.0,8.0,8.0,10,12,14,15,6,6,6,6,9,9.0,9
Enkhuizen,0.0,0.0,0.0,0.0,0.0,0.0,0.0,0.0,0.0,0.0,0.0,0.0,0.0,0.0,0.0,0.0,0.0,0.0,1.0,1.0,1.0,5.0,5.0,6.0,7.0,8.0,10.0,13.0,15.0,17,17,17,18,13,14,14,14,14,14.0,14
Enschede,0.0,0.0,0.0,0.0,0.0,0.0,0.0,0.0,0.0,0.0,0.0,0.0,0.0,1.0,3.0,3.0,3.0,3.0,3.0,3.0,4.0,7.0,8.0,16.0,18.0,20.0,20.0,26.0,34.0,45,49,55,55,24,28,28,32,34,37.0,39
Epe,0.0,0.0,0.0,0.0,0.0,0.0,0.0,0.0,0.0,0.0,0.0,0.0,0.0,0.0,0.0,0.0,0.0,0.0,2.0,2.0,4.0,4.0,4.0,6.0,8.0,10.0,13.0,15.0,16.0,18,20,29,33,7,10,10,10,11,11.0,11
Ermelo,0.0,0.0,0.0,0.0,0.0,0.0,0.0,0.0,0.0,0.0,0.0,0.0,1.0,1.0,3.0,4.0,5.0,7.0,8.0,8.0,8.0,8.0,9.0,11.0,13.0,13.0,14.0,17.0,17.0,18,19,20,23,8,9,11,11,12,12.0,12
Etten-Leur,0.0,0.0,0.0,0.0,0.0,0.0,0.0,0.0,0.0,0.0,0.0,1.0,3.0,5.0,5.0,6.0,7.0,8.0,10.0,12.0,13.0,14.0,15.0,18.0,20.0,24.0,24.0,31.0,37.0,40,50,51,54,21,23,26,29,31,31.0,31
Geertruidenberg,0.0,0.0,0.0,0.0,0.0,0.0,0.0,0.0,0.0,0.0,0.0,0.0,0.0,1.0,1.0,1.0,1.0,1.0,3.0,5.0,7.0,7.0,7.0,7.0,8.0,10.0,10.0,11.0,11.0,11,12,12,15,7,7,8,9,9,9.0,9
Geldrop-Mierlo,0.0,0.0,0.0,0.0,0.0,0.0,0.0,0.0,0.0,0.0,0.0,0.0,0.0,0.0,1.0,2.0,2.0,2.0,3.0,3.0,3.0,4.0,4.0,6.0,6.0,8.0,9.0,15.0,16.0,20,22,24,26,9,10,13,18,18,18.0,18
Gemert-Bakel,0.0,0.0,0.0,0.0,0.0,0.0,0.0,1.0,1.0,1.0,1.0,1.0,2.0,4.0,7.0,11.0,13.0,16.0,20.0,25.0,26.0,31.0,36.0,42.0,50.0,56.0,64.0,68.0,71.0,76,82,90,94,48,56,57,59,61,61.0,61
Gennep,0.0,0.0,0.0,0.0,0.0,0.0,0.0,0.0,0.0,0.0,0.0,0.0,0.0,0.0,0.0,1.0,1.0,1.0,1.0,1.0,2.0,4.0,4.0,5.0,7.0,7.0,7.0,7.0,8.0,9,14,14,19,9,11,11,11,11,12.0,12
Gilze en Rijen,0.0,0.0,0.0,0.0,0.0,0.0,0.0,0.0,0.0,0.0,0.0,0.0,0.0,0.0,0.0,1.0,1.0,1.0,1.0,1.0,3.0,5.0,7.0,7.0,12.0,13.0,16.0,18.0,19.0,22,25,27,29,13,13,15,15,15,15.0,15
Goeree-Overflakkee,0.0,0.0,0.0,0.0,0.0,0.0,0.0,0.0,0.0,0.0,0.0,0.0,0.0,0.0,0.0,1.0,1.0,2.0,4.0,5.0,7.0,8.0,14.0,16.0,25.0,36.0,43.0,44.0,56.0,77,92,102,112,24,26,29,32,33,35.0,37
Goes,0.0,0.0,0.0,0.0,0.0,0.0,0.0,0.0,0.0,0.0,0.0,0.0,1.0,2.0,2.0,2.0,2.0,2.0,2.0,2.0,3.0,3.0,3.0,3.0,3.0,3.0,4.0,4.0,7.0,12,12,16,17,5,6,7,8,8,8.0,8
Goirle,0.0,0.0,0.0,0.0,0.0,0.0,0.0,0.0,0.0,0.0,1.0,4.0,4.0,6.0,6.0,6.0,6.0,6.0,9.0,9.0,9.0,11.0,11.0,12.0,13.0,13.0,16.0,18.0,21.0,24,26,34,34,16,17,19,20,20,21.0,21
Gooise Meren,0.0,0.0,0.0,0.0,0.0,0.0,1.0,1.0,2.0,2.0,2.0,2.0,2.0,3.0,3.0,3.0,4.0,4.0,4.0,9.0,9.0,10.0,10.0,11.0,11.0,11.0,12.0,18.0,20.0,24,25,25,26,10,15,15,15,16,16.0,16
Gorinchem,0.0,0.0,0.0,1.0,1.0,0.0,0.0,0.0,0.0,0.0,0.0,0.0,0.0,0.0,0.0,0.0,0.0,0.0,0.0,0.0,0.0,1.0,0.0,0.0,2.0,2.0,4.0,8.0,9.0,13,14,17,25,9,10,10,10,10,11.0,11
Gouda,0.0,0.0,0.0,0.0,0.0,0.0,0.0,0.0,0.0,0.0,0.0,0.0,1.0,2.0,2.0,2.0,2.0,3.0,4.0,5.0,7.0,9.0,10.0,12.0,15.0,16.0,17.0,18.0,25.0,31,35,37,43,13,13,15,18,21,22.0,23
Grave,0.0,0.0,0.0,0.0,0.0,0.0,0.0,0.0,0.0,0.0,0.0,0.0,0.0,0.0,0.0,0.0,0.0,0.0,0.0,0.0,1.0,2.0,4.0,6.0,10.0,11.0,11.0,11.0,14.0,16,19,22,25,10,10,11,13,14,14.0,14
Groningen,0.0,0.0,0.0,0.0,0.0,0.0,0.0,0.0,0.0,0.0,0.0,0.0,0.0,0.0,2.0,3.0,3.0,6.0,7.0,7.0,11.0,23.0,28.0,39.0,46.0,53.0,53.0,58.0,76.0,80,85,87,88,9,11,12,12,13,13.0,13
Gulpen-Wittem,0.0,0.0,0.0,0.0,0.0,0.0,0.0,0.0,0.0,0.0,0.0,0.0,0.0,0.0,0.0,0.0,0.0,1.0,2.0,2.0,2.0,2.0,2.0,2.0,2.0,2.0,4.0,5.0,5.0,7,8,10,11,2,2,10,10,10,10.0,12
Haaksbergen,0.0,0.0,0.0,0.0,0.0,0.0,0.0,0.0,0.0,0.0,0.0,0.0,0.0,0.0,0.0,0.0,0.0,1.0,1.0,1.0,1.0,1.0,1.0,1.0,3.0,3.0,3.0,3.0,4.0,6,9,10,10,4,6,6,6,9,10.0,10
Haaren,0.0,0.0,0.0,0.0,0.0,0.0,0.0,0.0,0.0,0.0,0.0,2.0,2.0,6.0,6.0,7.0,7.0,7.0,7.0,7.0,9.0,9.0,9.0,10.0,12.0,12.0,12.0,12.0,14.0,18,21,22,23,14,14,14,14,14,14.0,15
Haarlem,0.0,0.0,0.0,0.0,0.0,1.0,1.0,1.0,1.0,1.0,2.0,2.0,1.0,1.0,1.0,4.0,4.0,4.0,6.0,7.0,7.0,10.0,17.0,25.0,27.0,29.0,41.0,46.0,54.0,66,73,81,86,26,31,32,34,34,35.0,36
Haarlemmermeer,0.0,0.0,0.0,0.0,0.0,0.0,0.0,0.0,0.0,0.0,0.0,0.0,0.0,0.0,0.0,0.0,0.0,1.0,2.0,4.0,4.0,5.0,8.0,12.0,16.0,18.0,23.0,23.0,30.0,40,45,53,61,31,32,34,38,39,41.0,41
Halderberge,0.0,0.0,0.0,0.0,0.0,0.0,0.0,0.0,0.0,0.0,0.0,0.0,0.0,0.0,0.0,0.0,0.0,0.0,2.0,2.0,2.0,2.0,2.0,5.0,7.0,7.0,8.0,8.0,8.0,10,12,13,14,9,9,9,9,9,9.0,9
Hardenberg,0.0,0.0,0.0,0.0,0.0,0.0,0.0,0.0,0.0,0.0,0.0,0.0,0.0,0.0,0.0,0.0,0.0,0.0,0.0,0.0,0.0,0.0,1.0,3.0,3.0,4.0,6.0,7.0,9.0,11,16,20,21,9,9,10,10,10,10.0,10
Harderwijk,0.0,0.0,0.0,0.0,0.0,0.0,0.0,0.0,0.0,0.0,0.0,0.0,0.0,0.0,2.0,2.0,2.0,2.0,4.0,4.0,5.0,5.0,5.0,5.0,6.0,8.0,9.0,13.0,14.0,18,18,22,25,8,8,8,8,8,8.0,8
Hardinxveld-Giessendam,0.0,0.0,0.0,0.0,0.0,0.0,1.0,2.0,4.0,4.0,4.0,4.0,5.0,5.0,5.0,5.0,5.0,5.0,5.0,5.0,5.0,5.0,6.0,6.0,6.0,6.0,6.0,6.0,6.0,7,7,7,10,1,1,1,1,1,1.0,1
Harlingen,0.0,0.0,0.0,0.0,0.0,0.0,0.0,0.0,0.0,0.0,0.0,0.0,0.0,0.0,0.0,0.0,0.0,0.0,1.0,1.0,1.0,1.0,1.0,3.0,3.0,3.0,3.0,3.0,3.0,3,3,4,4,1,1,1,2,2,2.0,2
Hattem,0.0,0.0,0.0,0.0,0.0,0.0,0.0,0.0,0.0,0.0,0.0,0.0,0.0,0.0,0.0,0.0,0.0,0.0,0.0,0.0,0.0,0.0,0.0,1.0,1.0,1.0,2.0,3.0,5.0,7,7,10,12,3,5,5,5,6,6.0,7
Heemskerk,0.0,0.0,0.0,0.0,0.0,0.0,0.0,0.0,0.0,0.0,0.0,0.0,0.0,0.0,0.0,1.0,1.0,1.0,2.0,2.0,2.0,3.0,5.0,5.0,5.0,5.0,7.0,9.0,10.0,16,19,22,27,14,17,17,18,18,18.0,19
Heemstede,0.0,0.0,0.0,0.0,0.0,0.0,0.0,0.0,0.0,0.0,1.0,1.0,1.0,1.0,2.0,2.0,2.0,2.0,5.0,5.0,5.0,5.0,7.0,11.0,11.0,13.0,16.0,17.0,21.0,24,27,27,32,4,5,5,6,8,8.0,8
Heerde,0.0,0.0,0.0,0.0,0.0,0.0,0.0,0.0,0.0,0.0,0.0,0.0,0.0,0.0,0.0,0.0,0.0,0.0,2.0,3.0,3.0,4.0,5.0,9.0,9.0,13.0,15.0,19.0,24.0,27,28,34,40,17,19,19,19,20,20.0,22
Heerenveen,0.0,0.0,0.0,0.0,0.0,0.0,0.0,0.0,0.0,0.0,0.0,0.0,0.0,0.0,0.0,0.0,0.0,0.0,0.0,0.0,0.0,0.0,1.0,2.0,2.0,3.0,3.0,3.0,4.0,5,7,8,9,5,7,7,9,9,10.0,10
Heerhugowaard,0.0,0.0,0.0,0.0,0.0,0.0,0.0,0.0,0.0,0.0,0.0,0.0,0.0,0.0,0.0,0.0,0.0,1.0,1.0,1.0,2.0,2.0,3.0,5.0,8.0,10.0,15.0,16.0,19.0,20,23,27,31,17,19,19,21,22,22.0,22
Heerlen,0.0,0.0,0.0,0.0,0.0,0.0,0.0,0.0,0.0,0.0,0.0,0.0,0.0,1.0,2.0,2.0,4.0,5.0,6.0,8.0,14.0,15.0,18.0,19.0,24.0,29.0,46.0,53.0,63.0,68,75,78,87,24,26,66,72,74,80.0,83
Heeze-Leende,0.0,0.0,0.0,0.0,0.0,0.0,0.0,0.0,0.0,0.0,0.0,0.0,0.0,1.0,1.0,1.0,1.0,1.0,2.0,3.0,4.0,4.0,4.0,4.0,7.0,7.0,7.0,10.0,10.0,12,12,16,16,5,6,6,7,7,7.0,7
Heiloo,0.0,0.0,0.0,0.0,0.0,0.0,0.0,0.0,0.0,0.0,0.0,0.0,0.0,0.0,0.0,2.0,2.0,2.0,3.0,3.0,3.0,3.0,3.0,4.0,6.0,6.0,8.0,9.0,10.0,13,13,16,17,5,5,5,7,7,7.0,7
Hellendoorn,0.0,0.0,0.0,0.0,0.0,0.0,0.0,0.0,0.0,1.0,2.0,2.0,2.0,2.0,2.0,2.0,2.0,2.0,2.0,2.0,2.0,2.0,2.0,3.0,4.0,5.0,6.0,7.0,7.0,8,10,12,14,3,4,4,5,6,6.0,6
Hellevoetsluis,0.0,0.0,0.0,0.0,0.0,0.0,0.0,0.0,0.0,0.0,0.0,0.0,0.0,0.0,1.0,1.0,1.0,1.0,1.0,1.0,1.0,1.0,4.0,4.0,4.0,5.0,5.0,5.0,7.0,10,15,15,15,4,6,6,7,7,8.0,8
Helmond,0.0,0.0,0.0,0.0,1.0,1.0,4.0,4.0,4.0,4.0,5.0,7.0,11.0,12.0,14.0,16.0,17.0,17.0,17.0,19.0,20.0,22.0,26.0,32.0,38.0,49.0,55.0,63.0,66.0,75,91,100,105,35,38,45,52,54,54.0,54
Hendrik-Ido-Ambacht,0.0,0.0,0.0,0.0,0.0,0.0,0.0,0.0,0.0,0.0,0.0,0.0,0.0,0.0,0.0,0.0,0.0,0.0,0.0,0.0,0.0,0.0,0.0,0.0,1.0,2.0,2.0,3.0,5.0,5,5,6,6,3,3,3,3,3,3.0,3
Hengelo,0.0,0.0,0.0,0.0,0.0,0.0,0.0,0.0,0.0,0.0,0.0,0.0,0.0,0.0,0.0,0.0,0.0,0.0,3.0,0.0,0.0,0.0,0.0,0.0,0.0,0.0,0.0,0.0,0.0,23,25,32,40,6,7,8,9,10,11.0,11
Het Hogeland,0.0,0.0,0.0,0.0,0.0,0.0,0.0,0.0,0.0,0.0,0.0,0.0,0.0,0.0,0.0,0.0,0.0,0.0,0.0,0.0,0.0,0.0,0.0,0.0,0.0,1.0,1.0,4.0,6.0,7,7,9,9,4,4,4,5,5,5.0,5
Heumen,0.0,0.0,0.0,0.0,0.0,0.0,0.0,0.0,0.0,0.0,0.0,0.0,0.0,0.0,0.0,0.0,0.0,2.0,2.0,3.0,5.0,6.0,7.0,7.0,7.0,9.0,11.0,12.0,15.0,15,16,19,20,7,8,10,11,12,12.0,13
Heusden,0.0,0.0,0.0,0.0,0.0,0.0,0.0,0.0,0.0,1.0,1.0,1.0,1.0,2.0,2.0,4.0,4.0,4.0,4.0,4.0,5.0,6.0,7.0,11.0,15.0,16.0,19.0,20.0,25.0,37,39,44,46,22,25,29,31,31,32.0,32
Hillegom,0.0,0.0,0.0,0.0,0.0,0.0,0.0,0.0,0.0,0.0,0.0,0.0,0.0,0.0,0.0,0.0,0.0,0.0,0.0,0.0,1.0,1.0,2.0,2.0,2.0,2.0,3.0,3.0,3.0,3,4,5,6,3,3,4,5,5,5.0,5
Hilvarenbeek,0.0,0.0,0.0,0.0,0.0,0.0,0.0,0.0,0.0,0.0,0.0,0.0,0.0,1.0,3.0,5.0,5.0,5.0,4.0,4.0,4.0,4.0,4.0,5.0,6.0,7.0,8.0,10.0,10.0,10,12,13,13,4,5,5,6,6,6.0,6
Hilversum,0.0,0.0,0.0,0.0,0.0,0.0,0.0,0.0,0.0,0.0,0.0,0.0,0.0,0.0,0.0,0.0,0.0,0.0,0.0,3.0,3.0,3.0,5.0,7.0,7.0,7.0,7.0,16.0,18.0,24,24,24,25,13,15,16,17,17,17.0,17
Hoeksche Waard,0.0,0.0,0.0,0.0,0.0,0.0,1.0,1.0,1.0,2.0,2.0,2.0,2.0,2.0,1.0,1.0,1.0,2.0,4.0,6.0,8.0,12.0,17.0,17.0,21.0,23.0,31.0,36.0,43.0,51,55,60,62,29,30,35,42,49,49.0,51
Hof van Twente,0.0,0.0,0.0,0.0,0.0,0.0,0.0,0.0,0.0,0.0,0.0,0.0,0.0,0.0,0.0,0.0,0.0,1.0,1.0,1.0,3.0,3.0,3.0,4.0,5.0,5.0,5.0,6.0,8.0,14,17,17,18,8,9,10,10,10,12.0,12
Hollands Kroon,0.0,0.0,0.0,0.0,0.0,0.0,0.0,0.0,0.0,0.0,0.0,0.0,0.0,0.0,0.0,0.0,0.0,0.0,0.0,0.0,1.0,3.0,3.0,6.0,7.0,8.0,10.0,10.0,14.0,17,18,23,25,17,20,21,22,23,23.0,24
Hoogeveen,0.0,0.0,0.0,0.0,0.0,0.0,0.0,0.0,0.0,0.0,0.0,0.0,0.0,0.0,1.0,1.0,2.0,2.0,2.0,2.0,3.0,3.0,4.0,5.0,5.0,5.0,6.0,7.0,7.0,8,9,12,13,4,5,5,7,7,7.0,9
Hoorn,0.0,0.0,0.0,0.0,0.0,0.0,0.0,0.0,0.0,0.0,0.0,0.0,0.0,0.0,0.0,0.0,0.0,0.0,1.0,1.0,1.0,2.0,3.0,8.0,9.0,11.0,12.0,14.0,15.0,17,20,22,23,13,16,16,18,18,18.0,21
Horst aan de Maas,0.0,0.0,0.0,0.0,0.0,0.0,0.0,0.0,0.0,0.0,0.0,0.0,0.0,0.0,0.0,2.0,3.0,3.0,5.0,8.0,8.0,10.0,11.0,13.0,13.0,16.0,17.0,18.0,20.0,25,27,32,34,21,25,29,33,34,34.0,36
Houten,0.0,0.0,0.0,0.0,1.0,1.0,1.0,9.0,9.0,13.0,13.0,13.0,13.0,13.0,13.0,13.0,13.0,13.0,13.0,13.0,14.0,17.0,17.0,19.0,23.0,25.0,29.0,37.0,43.0,47,52,56,58,9,10,12,13,13,15.0,16
Huizen,0.0,0.0,0.0,0.0,0.0,0.0,0.0,0.0,0.0,0.0,1.0,1.0,1.0,2.0,1.0,1.0,1.0,1.0,1.0,1.0,2.0,3.0,3.0,3.0,3.0,3.0,3.0,7.0,8.0,13,13,13,13,9,12,12,12,13,13.0,13
Hulst,0.0,0.0,0.0,0.0,0.0,0.0,0.0,0.0,0.0,0.0,0.0,0.0,0.0,0.0,0.0,0.0,0.0,0.0,0.0,0.0,0.0,0.0,0.0,0.0,0.0,0.0,0.0,1.0,1.0,2,3,3,6,4,4,4,4,4,4.0,4
IJsselstein,0.0,0.0,0.0,0.0,0.0,0.0,0.0,0.0,0.0,0.0,1.0,1.0,1.0,1.0,1.0,1.0,1.0,2.0,4.0,6.0,7.0,8.0,8.0,11.0,13.0,16.0,16.0,18.0,23.0,26,31,34,38,18,18,21,23,23,25.0,26
Kaag en Braassem,0.0,0.0,0.0,0.0,0.0,0.0,0.0,0.0,0.0,0.0,0.0,0.0,0.0,0.0,0.0,0.0,0.0,0.0,0.0,0.0,0.0,1.0,1.0,1.0,2.0,2.0,4.0,5.0,5.0,5,6,6,8,4,4,4,5,5,5.0,5
Kampen,0.0,0.0,0.0,0.0,0.0,0.0,0.0,0.0,0.0,0.0,0.0,0.0,0.0,0.0,0.0,0.0,0.0,0.0,0.0,1.0,2.0,2.0,5.0,12.0,14.0,17.0,20.0,30.0,41.0,45,55,62,69,34,38,38,38,39,39.0,40
Kapelle,0.0,0.0,0.0,0.0,0.0,0.0,0.0,0.0,0.0,0.0,0.0,0.0,0.0,0.0,0.0,0.0,0.0,0.0,0.0,1.0,2.0,2.0,2.0,2.0,2.0,2.0,2.0,2.0,2.0,2,2,2,2,1,1,1,1,1,1.0,1
Katwijk,0.0,0.0,0.0,0.0,0.0,0.0,0.0,0.0,0.0,0.0,0.0,0.0,0.0,0.0,1.0,1.0,1.0,1.0,1.0,1.0,2.0,2.0,3.0,5.0,6.0,6.0,6.0,7.0,10.0,15,19,21,24,8,9,11,12,12,12.0,12
Kerkrade,0.0,0.0,0.0,0.0,0.0,0.0,0.0,0.0,0.0,0.0,0.0,0.0,0.0,0.0,0.0,0.0,1.0,2.0,2.0,3.0,3.0,3.0,5.0,6.0,8.0,8.0,17.0,21.0,26.0,28,32,34,36,10,10,30,33,34,36.0,38
Koggenland,0.0,0.0,0.0,0.0,0.0,0.0,0.0,0.0,0.0,0.0,0.0,0.0,0.0,0.0,0.0,0.0,1.0,1.0,1.0,1.0,1.0,1.0,1.0,1.0,2.0,4.0,4.0,5.0,6.0,6,9,10,10,4,6,6,6,6,6.0,6
Krimpen aan den IJssel,0.0,0.0,0.0,0.0,0.0,0.0,0.0,0.0,0.0,0.0,0.0,0.0,0.0,0.0,1.0,1.0,1.0,1.0,1.0,1.0,1.0,2.0,2.0,2.0,3.0,3.0,3.0,6.0,7.0,7,12,13,15,2,3,4,4,4,4.0,5
Krimpenerwaard,0.0,0.0,0.0,0.0,0.0,0.0,0.0,0.0,0.0,0.0,1.0,1.0,1.0,3.0,3.0,3.0,3.0,4.0,4.0,4.0,4.0,5.0,7.0,9.0,11.0,11.0,12.0,16.0,19.0,24,30,33,38,22,27,28,28,29,32.0,33
Laarbeek,0.0,0.0,0.0,0.0,0.0,0.0,0.0,0.0,0.0,0.0,0.0,0.0,0.0,0.0,0.0,1.0,1.0,1.0,1.0,1.0,2.0,4.0,6.0,8.0,11.0,13.0,17.0,19.0,24.0,33,39,44,45,18,24,24,25,27,27.0,27
Landerd,0.0,0.0,0.0,0.0,0.0,0.0,0.0,0.0,0.0,0.0,2.0,2.0,1.0,2.0,2.0,4.0,5.0,5.0,10.0,14.0,16.0,18.0,20.0,20.0,22.0,23.0,25.0,25.0,34.0,42,44,47,50,20,21,22,23,23,25.0,25
Landgraaf,0.0,0.0,0.0,0.0,0.0,0.0,0.0,0.0,0.0,0.0,0.0,0.0,0.0,0.0,1.0,2.0,4.0,4.0,4.0,4.0,7.0,7.0,7.0,9.0,10.0,11.0,18.0,21.0,25.0,28,29,29,32,7,7,22,27,27,29.0,30
Landsmeer,0.0,0.0,0.0,0.0,0.0,0.0,0.0,0.0,0.0,1.0,0.0,0.0,0.0,0.0,2.0,2.0,2.0,3.0,3.0,3.0,3.0,3.0,4.0,4.0,5.0,5.0,6.0,6.0,7.0,7,7,8,8,3,3,3,3,3,3.0,3
Langedijk,0.0,0.0,0.0,0.0,0.0,0.0,0.0,0.0,0.0,0.0,0.0,0.0,0.0,1.0,1.0,3.0,3.0,4.0,4.0,4.0,4.0,4.0,4.0,4.0,4.0,5.0,12.0,12.0,13.0,14,14,15,16,6,8,8,10,11,12.0,13
Lansingerland,0.0,0.0,0.0,0.0,0.0,0.0,0.0,0.0,1.0,2.0,2.0,3.0,4.0,4.0,4.0,4.0,4.0,5.0,5.0,7.0,10.0,13.0,14.0,16.0,20.0,20.0,24.0,25.0,28.0,34,45,47,49,15,16,18,20,20,22.0,22
Laren,0.0,0.0,0.0,0.0,0.0,0.0,0.0,0.0,0.0,0.0,0.0,0.0,0.0,0.0,0.0,0.0,0.0,0.0,0.0,0.0,0.0,0.0,0.0,0.0,0.0,0.0,3.0,4.0,5.0,8,8,8,8,5,6,7,7,7,7.0,7
Leeuwarden,0.0,0.0,0.0,0.0,0.0,0.0,0.0,0.0,0.0,0.0,0.0,0.0,0.0,0.0,1.0,1.0,1.0,1.0,2.0,3.0,4.0,5.0,5.0,8.0,8.0,10.0,10.0,12.0,15.0,19,20,23,23,16,19,21,24,25,26.0,29
Leiden,0.0,0.0,0.0,0.0,0.0,0.0,0.0,0.0,0.0,0.0,0.0,0.0,1.0,1.0,1.0,4.0,4.0,4.0,8.0,8.0,11.0,12.0,14.0,16.0,16.0,16.0,20.0,21.0,28.0,30,35,37,39,16,18,18,19,19,19.0,24
Leiderdorp,0.0,0.0,0.0,0.0,0.0,0.0,0.0,0.0,0.0,0.0,0.0,0.0,0.0,0.0,0.0,0.0,0.0,0.0,1.0,1.0,2.0,2.0,2.0,2.0,2.0,2.0,2.0,3.0,4.0,4,5,7,7,5,5,5,6,6,6.0,6
Leidschendam-Voorburg,0.0,0.0,0.0,0.0,0.0,0.0,0.0,0.0,0.0,1.0,1.0,1.0,2.0,2.0,2.0,3.0,3.0,3.0,4.0,5.0,6.0,6.0,7.0,9.0,10.0,10.0,13.0,14.0,17.0,18,21,21,24,7,7,8,9,11,12.0,12
Lelystad,0.0,0.0,0.0,0.0,0.0,0.0,0.0,0.0,0.0,0.0,0.0,0.0,0.0,1.0,1.0,3.0,5.0,7.0,8.0,10.0,12.0,13.0,15.0,15.0,19.0,21.0,24.0,26.0,27.0,29,31,31,34,24,25,27,30,31,32.0,32
Leudal,0.0,0.0,0.0,0.0,0.0,0.0,0.0,0.0,0.0,0.0,0.0,1.0,2.0,3.0,4.0,4.0,6.0,6.0,7.0,8.0,11.0,13.0,16.0,20.0,22.0,23.0,26.0,29.0,32.0,37,41,45,52,32,33,35,38,41,46.0,46
Leusden,0.0,0.0,0.0,0.0,0.0,0.0,0.0,0.0,0.0,0.0,0.0,0.0,0.0,0.0,0.0,0.0,0.0,0.0,1.0,1.0,3.0,4.0,4.0,6.0,6.0,7.0,9.0,13.0,13.0,16,17,19,19,5,5,5,5,5,5.0,6
Lingewaard,0.0,0.0,0.0,0.0,0.0,0.0,0.0,0.0,1.0,2.0,2.0,2.0,2.0,2.0,2.0,2.0,3.0,3.0,3.0,3.0,4.0,5.0,6.0,6.0,9.0,10.0,11.0,14.0,14.0,22,25,27,28,14,17,18,18,19,21.0,21
Lisse,0.0,0.0,0.0,0.0,0.0,0.0,0.0,0.0,0.0,0.0,0.0,0.0,0.0,0.0,0.0,0.0,0.0,0.0,0.0,0.0,0.0,0.0,0.0,0.0,1.0,1.0,1.0,2.0,2.0,3,3,4,4,3,3,3,3,4,4.0,4
Lochem,0.0,0.0,0.0,0.0,0.0,0.0,0.0,0.0,0.0,0.0,0.0,0.0,0.0,0.0,0.0,0.0,0.0,0.0,0.0,0.0,1.0,1.0,2.0,2.0,2.0,2.0,2.0,6.0,8.0,11,14,14,14,2,2,3,5,5,5.0,5
Loon op Zand,0.0,0.0,0.0,0.0,1.0,4.0,5.0,5.0,5.0,7.0,7.0,7.0,7.0,7.0,6.0,7.0,7.0,7.0,7.0,8.0,9.0,11.0,13.0,14.0,16.0,17.0,20.0,20.0,21.0,25,29,31,31,15,15,15,17,17,19.0,19
Lopik,0.0,0.0,0.0,0.0,0.0,0.0,0.0,0.0,0.0,0.0,0.0,0.0,0.0,0.0,0.0,0.0,0.0,0.0,1.0,2.0,3.0,3.0,3.0,4.0,6.0,9.0,10.0,11.0,12.0,13,13,17,17,11,10,10,12,12,12.0,15
Loppersum,0.0,0.0,0.0,0.0,0.0,0.0,0.0,0.0,0.0,0.0,0.0,0.0,0.0,0.0,0.0,0.0,0.0,0.0,0.0,0.0,0.0,0.0,0.0,0.0,0.0,0.0,0.0,0.0,1.0,1,1,1,1,0,0,0,0,0,0.0,0
Losser,0.0,0.0,0.0,0.0,0.0,0.0,0.0,0.0,0.0,0.0,0.0,0.0,0.0,0.0,0.0,0.0,0.0,0.0,0.0,0.0,0.0,0.0,0.0,1.0,1.0,1.0,1.0,1.0,1.0,1,1,3,3,2,3,3,4,6,6.0,6
Maasdriel,0.0,0.0,0.0,0.0,0.0,0.0,0.0,0.0,0.0,0.0,1.0,1.0,1.0,0.0,0.0,0.0,0.0,0.0,0.0,1.0,1.0,1.0,2.0,2.0,2.0,2.0,3.0,3.0,5.0,6,8,11,12,9,11,11,11,11,12.0,12
Maasgouw,0.0,0.0,0.0,0.0,0.0,0.0,0.0,0.0,0.0,0.0,0.0,0.0,0.0,0.0,0.0,0.0,1.0,2.0,2.0,3.0,4.0,5.0,5.0,7.0,8.0,9.0,9.0,10.0,12.0,13,13,13,13,10,12,13,15,16,17.0,18
Maassluis,0.0,0.0,0.0,0.0,0.0,0.0,0.0,0.0,0.0,0.0,0.0,0.0,0.0,0.0,0.0,0.0,1.0,1.0,1.0,1.0,2.0,2.0,2.0,3.0,5.0,6.0,7.0,7.0,8.0,11,14,14,15,8,8,9,10,10,10.0,11
Maastricht,0.0,0.0,0.0,0.0,0.0,0.0,0.0,0.0,2.0,3.0,4.0,6.0,7.0,8.0,8.0,10.0,16.0,21.0,24.0,33.0,41.0,42.0,56.0,57.0,59.0,60.0,94.0,112.0,118.0,126,162,173,185,25,26,77,87,93,99.0,106
Medemblik,0.0,0.0,0.0,0.0,0.0,0.0,0.0,0.0,0.0,0.0,0.0,0.0,0.0,0.0,0.0,0.0,0.0,0.0,0.0,0.0,0.0,0.0,0.0,1.0,2.0,4.0,4.0,4.0,6.0,8,14,19,22,9,10,10,10,10,10.0,10
Meerssen,0.0,0.0,0.0,0.0,0.0,0.0,0.0,0.0,0.0,0.0,0.0,0.0,0.0,0.0,0.0,0.0,0.0,0.0,1.0,1.0,2.0,2.0,2.0,2.0,3.0,3.0,8.0,8.0,8.0,8,10,12,13,3,3,7,8,9,10.0,10
Meierijstad,0.0,0.0,0.0,0.0,0.0,0.0,0.0,0.0,0.0,1.0,4.0,10.0,11.0,13.0,18.0,25.0,30.0,34.0,42.0,49.0,60.0,72.0,81.0,95.0,119.0,127.0,139.0,149.0,168.0,195,207,227,243,110,112,124,134,142,144.0,144
Meppel,0.0,0.0,0.0,0.0,0.0,0.0,0.0,0.0,0.0,0.0,0.0,0.0,0.0,0.0,0.0,0.0,0.0,0.0,0.0,0.0,0.0,0.0,1.0,1.0,1.0,3.0,3.0,3.0,3.0,4,6,8,8,3,4,4,4,4,4.0,4
Middelburg,0.0,0.0,0.0,0.0,0.0,0.0,0.0,0.0,0.0,0.0,0.0,0.0,0.0,0.0,0.0,0.0,0.0,0.0,1.0,1.0,2.0,3.0,3.0,4.0,5.0,6.0,6.0,7.0,8.0,9,10,13,14,10,12,12,13,13,13.0,13
Midden-Delfland,0.0,0.0,0.0,0.0,0.0,0.0,0.0,0.0,0.0,0.0,0.0,0.0,0.0,0.0,0.0,0.0,0.0,0.0,0.0,0.0,0.0,1.0,2.0,2.0,2.0,2.0,2.0,2.0,2.0,3,4,4,4,1,2,3,3,3,3.0,3
Midden-Drenthe,0.0,0.0,0.0,0.0,0.0,0.0,0.0,0.0,0.0,0.0,0.0,0.0,0.0,0.0,0.0,0.0,0.0,0.0,0.0,0.0,0.0,1.0,1.0,1.0,1.0,1.0,1.0,1.0,2.0,2,4,5,5,4,4,4,4,6,6.0,6
Midden-Groningen,0.0,0.0,0.0,0.0,0.0,0.0,0.0,0.0,0.0,0.0,0.0,0.0,0.0,0.0,0.0,0.0,0.0,1.0,1.0,1.0,2.0,2.0,2.0,2.0,2.0,2.0,2.0,2.0,5.0,5,6,6,8,4,4,4,4,4,4.0,4
Mill en Sint Hubert,0.0,0.0,0.0,0.0,0.0,0.0,0.0,0.0,0.0,0.0,0.0,0.0,0.0,0.0,0.0,0.0,0.0,1.0,1.0,1.0,1.0,2.0,2.0,2.0,2.0,2.0,5.0,5.0,5.0,7,9,11,11,6,6,6,6,7,7.0,7
Moerdijk,0.0,0.0,0.0,0.0,0.0,0.0,0.0,0.0,0.0,0.0,0.0,0.0,0.0,0.0,0.0,1.0,1.0,1.0,1.0,1.0,1.0,2.0,3.0,3.0,3.0,3.0,4.0,5.0,5.0,6,10,10,12,5,6,6,7,7,7.0,7
Molenlanden,0.0,0.0,0.0,0.0,0.0,0.0,0.0,0.0,0.0,0.0,0.0,0.0,0.0,0.0,0.0,0.0,0.0,1.0,2.0,3.0,7.0,9.0,11.0,11.0,11.0,11.0,13.0,16.0,16.0,17,18,19,23,9,10,10,13,14,14.0,14
Montferland,0.0,0.0,0.0,0.0,0.0,0.0,0.0,0.0,0.0,0.0,0.0,0.0,0.0,0.0,0.0,0.0,0.0,0.0,0.0,0.0,1.0,1.0,1.0,1.0,2.0,3.0,3.0,3.0,4.0,5,6,10,10,3,4,4,4,4,5.0,5
Montfoort,0.0,0.0,0.0,0.0,0.0,0.0,0.0,0.0,0.0,0.0,0.0,0.0,0.0,0.0,0.0,0.0,0.0,0.0,0.0,0.0,0.0,0.0,0.0,0.0,0.0,2.0,3.0,5.0,9.0,11,12,14,15,9,9,9,11,11,11.0,11
Mook en Middelaar,0.0,0.0,0.0,0.0,0.0,0.0,0.0,0.0,0.0,0.0,0.0,0.0,0.0,0.0,0.0,0.0,0.0,0.0,0.0,0.0,0.0,1.0,1.0,1.0,1.0,3.0,5.0,5.0,5.0,5,8,8,8,3,3,3,3,3,3.0,4
Neder-Betuwe,0.0,0.0,0.0,0.0,0.0,0.0,0.0,0.0,0.0,0.0,0.0,1.0,1.0,1.0,1.0,3.0,3.0,4.0,4.0,4.0,4.0,4.0,5.0,5.0,9.0,9.0,11.0,11.0,13.0,16,20,31,33,22,26,26,26,27,28.0,29
Nederweert,0.0,0.0,0.0,0.0,0.0,0.0,0.0,0.0,0.0,0.0,0.0,0.0,0.0,0.0,0.0,1.0,3.0,3.0,3.0,5.0,7.0,7.0,7.0,7.0,8.0,9.0,11.0,14.0,18.0,21,24,27,27,22,24,24,24,24,25.0,25
Nieuwegein,0.0,0.0,0.0,0.0,0.0,0.0,0.0,0.0,0.0,0.0,0.0,0.0,0.0,0.0,0.0,0.0,0.0,1.0,1.0,3.0,4.0,6.0,8.0,9.0,9.0,11.0,11.0,12.0,15.0,17,25,30,33,15,17,20,21,21,22.0,24
Nieuwkoop,0.0,0.0,0.0,0.0,0.0,0.0,0.0,0.0,0.0,0.0,0.0,0.0,0.0,0.0,1.0,1.0,1.0,1.0,1.0,1.0,1.0,1.0,1.0,2.0,3.0,3.0,4.0,6.0,6.0,7,8,10,10,4,5,5,5,6,6.0,7
Nijkerk,0.0,0.0,0.0,0.0,0.0,0.0,0.0,0.0,0.0,0.0,0.0,0.0,0.0,0.0,0.0,0.0,0.0,0.0,1.0,2.0,2.0,2.0,2.0,4.0,4.0,7.0,8.0,8.0,12.0,15,18,18,18,10,11,14,16,17,18.0,17
Nijmegen,0.0,0.0,0.0,0.0,0.0,0.0,0.0,0.0,1.0,2.0,2.0,3.0,3.0,4.0,6.0,8.0,9.0,12.0,17.0,31.0,41.0,48.0,55.0,60.0,68.0,79.0,93.0,108.0,122.0,132,149,178,197,72,79,83,87,88,89.0,94
Nissewaard,0.0,0.0,0.0,0.0,0.0,0.0,0.0,0.0,0.0,0.0,0.0,0.0,0.0,0.0,1.0,1.0,1.0,1.0,1.0,3.0,4.0,7.0,11.0,12.0,15.0,15.0,17.0,19.0,23.0,28,37,38,40,19,20,22,23,23,24.0,25
Noardeast-Fryslân,0.0,0.0,0.0,0.0,0.0,0.0,0.0,0.0,0.0,0.0,0.0,0.0,0.0,0.0,0.0,0.0,0.0,0.0,0.0,0.0,0.0,1.0,1.0,1.0,1.0,2.0,3.0,3.0,3.0,4,4,6,6,4,4,4,4,4,0.0,4
Noord-Beveland,0.0,0.0,0.0,0.0,0.0,0.0,0.0,0.0,0.0,0.0,0.0,0.0,0.0,0.0,0.0,0.0,0.0,0.0,0.0,0.0,0.0,0.0,0.0,0.0,0.0,0.0,1.0,2.0,2.0,2,2,2,2,0,0,0,0,0,0.0,0
Noordenveld,0.0,0.0,0.0,0.0,0.0,0.0,0.0,0.0,0.0,0.0,0.0,0.0,0.0,0.0,0.0,0.0,0.0,0.0,1.0,1.0,1.0,1.0,1.0,1.0,1.0,1.0,1.0,1.0,3.0,3,3,5,5,1,1,1,1,1,1.0,1
Noordoostpolder,0.0,0.0,0.0,0.0,0.0,0.0,0.0,0.0,0.0,0.0,0.0,0.0,0.0,0.0,0.0,0.0,2.0,2.0,2.0,2.0,2.0,2.0,2.0,3.0,3.0,3.0,4.0,5.0,8.0,10,10,11,11,6,6,7,8,8,8.0,8
Noordwijk,0.0,0.0,0.0,0.0,0.0,0.0,0.0,0.0,0.0,0.0,0.0,2.0,2.0,2.0,2.0,2.0,2.0,2.0,2.0,2.0,2.0,3.0,2.0,3.0,6.0,6.0,6.0,7.0,8.0,10,15,17,17,8,8,8,9,9,9.0,11
"Nuenen, Gerwen en Nederwetten",0.0,0.0,0.0,0.0,0.0,0.0,0.0,0.0,0.0,0.0,0.0,0.0,1.0,1.0,1.0,1.0,1.0,1.0,1.0,1.0,1.0,1.0,1.0,1.0,3.0,4.0,4.0,8.0,10.0,11,13,14,16,7,9,11,12,12,12.0,12
Nunspeet,0.0,0.0,0.0,0.0,0.0,0.0,0.0,0.0,0.0,0.0,0.0,0.0,0.0,0.0,0.0,1.0,1.0,1.0,2.0,2.0,3.0,3.0,4.0,9.0,13.0,17.0,22.0,29.0,31.0,39,43,45,52,15,17,19,19,19,20.0,20
Oegstgeest,0.0,0.0,0.0,0.0,0.0,0.0,0.0,0.0,0.0,1.0,1.0,1.0,1.0,2.0,2.0,2.0,4.0,4.0,4.0,4.0,4.0,5.0,6.0,7.0,7.0,7.0,8.0,9.0,9.0,12,13,13,15,3,3,3,5,5,5.0,5
Oirschot,0.0,0.0,0.0,0.0,0.0,0.0,0.0,0.0,0.0,0.0,0.0,0.0,0.0,0.0,0.0,0.0,0.0,0.0,1.0,1.0,1.0,1.0,1.0,1.0,3.0,3.0,4.0,6.0,8.0,10,11,14,14,6,6,6,9,9,9.0,9
Oisterwijk,0.0,0.0,0.0,0.0,0.0,0.0,0.0,0.0,1.0,3.0,3.0,3.0,3.0,4.0,5.0,6.0,6.0,6.0,9.0,10.0,10.0,10.0,12.0,15.0,16.0,16.0,16.0,18.0,21.0,23,24,25,27,9,10,10,10,10,10.0,10
Oldambt,0.0,0.0,0.0,0.0,0.0,0.0,0.0,0.0,0.0,0.0,0.0,0.0,0.0,0.0,0.0,0.0,0.0,0.0,0.0,0.0,0.0,0.0,0.0,0.0,0.0,0.0,0.0,0.0,0.0,0,2,2,2,1,1,1,1,1,1.0,1
Oldebroek,0.0,0.0,0.0,0.0,0.0,0.0,0.0,0.0,0.0,0.0,0.0,0.0,0.0,0.0,0.0,1.0,1.0,1.0,2.0,2.0,5.0,5.0,5.0,6.0,7.0,7.0,8.0,12.0,16.0,19,22,28,30,6,8,8,8,9,10.0,11
Oldenzaal,0.0,0.0,0.0,0.0,0.0,0.0,0.0,0.0,0.0,0.0,0.0,0.0,0.0,0.0,0.0,0.0,1.0,1.0,1.0,1.0,2.0,3.0,5.0,6.0,6.0,6.0,8.0,13.0,15.0,17,18,19,22,8,8,10,10,10,11.0,11
Olst-Wijhe,0.0,0.0,0.0,0.0,0.0,0.0,0.0,0.0,0.0,0.0,0.0,0.0,0.0,0.0,0.0,0.0,0.0,0.0,0.0,0.0,0.0,0.0,0.0,2.0,2.0,2.0,4.0,6.0,6.0,6,6,8,9,5,5,6,6,6,6.0,7
Ommen,0.0,0.0,0.0,0.0,0.0,0.0,0.0,0.0,0.0,0.0,0.0,0.0,0.0,0.0,0.0,0.0,1.0,1.0,1.0,1.0,2.0,2.0,3.0,4.0,4.0,6.0,6.0,7.0,7.0,7,10,10,10,4,4,6,6,6,6.0,6
Oost Gelre,0.0,0.0,0.0,0.0,0.0,0.0,0.0,0.0,0.0,0.0,0.0,0.0,0.0,0.0,0.0,0.0,0.0,0.0,0.0,0.0,0.0,0.0,1.0,2.0,2.0,2.0,6.0,6.0,6.0,7,8,11,11,2,2,2,2,3,4.0,4
Oosterhout,0.0,0.0,0.0,0.0,0.0,0.0,0.0,0.0,0.0,0.0,0.0,0.0,0.0,0.0,1.0,3.0,4.0,5.0,6.0,8.0,9.0,9.0,12.0,13.0,16.0,22.0,23.0,26.0,29.0,31,36,40,44,23,24,25,25,25,25.0,25
Ooststellingwerf,0.0,0.0,0.0,0.0,0.0,0.0,0.0,0.0,0.0,0.0,0.0,0.0,0.0,0.0,0.0,0.0,0.0,0.0,0.0,0.0,0.0,0.0,0.0,0.0,0.0,0.0,0.0,1.0,1.0,1,1,1,1,1,1,1,1,1,1.0,1
Oostzaan,0.0,0.0,0.0,0.0,0.0,0.0,0.0,0.0,0.0,0.0,0.0,0.0,0.0,0.0,0.0,0.0,0.0,0.0,0.0,1.0,2.0,2.0,3.0,3.0,4.0,5.0,5.0,6.0,7.0,7,7,7,8,2,3,4,4,5,5.0,5
Opmeer,0.0,0.0,0.0,0.0,0.0,0.0,0.0,0.0,0.0,0.0,0.0,0.0,0.0,0.0,0.0,0.0,0.0,0.0,0.0,0.0,0.0,0.0,0.0,0.0,0.0,0.0,0.0,0.0,2.0,2,2,3,3,1,1,1,1,1,1.0,1
Opsterland,0.0,0.0,0.0,0.0,0.0,0.0,0.0,0.0,0.0,0.0,0.0,0.0,2.0,2.0,2.0,2.0,2.0,2.0,2.0,2.0,2.0,2.0,2.0,2.0,2.0,3.0,3.0,4.0,5.0,6,6,7,7,4,4,4,5,5,5.0,5
Oss,0.0,0.0,0.0,0.0,1.0,1.0,1.0,1.0,1.0,1.0,1.0,1.0,1.0,2.0,3.0,3.0,4.0,5.0,11.0,14.0,20.0,26.0,35.0,44.0,59.0,65.0,73.0,81.0,100.0,128,141,154,174,73,78,86,93,96,100.0,100
Oude IJsselstreek,0.0,0.0,0.0,0.0,0.0,0.0,0.0,0.0,0.0,0.0,0.0,0.0,0.0,0.0,0.0,0.0,0.0,0.0,1.0,2.0,2.0,2.0,2.0,4.0,4.0,4.0,4.0,4.0,5.0,5,7,10,10,2,2,3,4,4,4.0,5
Ouder-Amstel,0.0,0.0,0.0,0.0,0.0,0.0,0.0,0.0,0.0,0.0,0.0,0.0,0.0,0.0,0.0,0.0,0.0,0.0,0.0,2.0,3.0,3.0,3.0,4.0,4.0,5.0,7.0,7.0,7.0,7,9,9,10,3,3,4,4,4,4.0,4
Oudewater,0.0,0.0,0.0,0.0,0.0,0.0,0.0,0.0,0.0,0.0,0.0,0.0,0.0,0.0,0.0,0.0,0.0,1.0,1.0,1.0,1.0,2.0,2.0,3.0,4.0,4.0,7.0,10.0,12.0,18,21,21,25,15,15,16,16,16,18.0,20
Overbetuwe,0.0,0.0,0.0,0.0,0.0,0.0,0.0,0.0,0.0,0.0,0.0,0.0,0.0,0.0,0.0,0.0,4.0,6.0,8.0,9.0,9.0,11.0,15.0,20.0,22.0,30.0,33.0,38.0,44.0,51,54,60,61,32,38,39,42,43,43.0,45
Papendrecht,0.0,0.0,0.0,0.0,0.0,0.0,0.0,0.0,0.0,0.0,0.0,0.0,0.0,0.0,0.0,0.0,0.0,0.0,0.0,0.0,0.0,1.0,2.0,2.0,4.0,5.0,5.0,6.0,6.0,6,7,7,7,0,1,1,1,3,3.0,3
Peel en Maas,0.0,0.0,0.0,0.0,0.0,0.0,0.0,0.0,0.0,0.0,0.0,0.0,1.0,3.0,4.0,8.0,10.0,14.0,19.0,31.0,36.0,41.0,49.0,63.0,64.0,69.0,79.0,88.0,96.0,107,119,134,140,103,107,109,117,117,118.0,118
Pekela,0.0,0.0,0.0,0.0,0.0,0.0,0.0,0.0,0.0,0.0,0.0,0.0,0.0,0.0,1.0,1.0,1.0,1.0,1.0,1.0,1.0,1.0,1.0,2.0,2.0,2.0,2.0,2.0,2.0,2,2,2,3,3,4,4,4,4,4.0,4
Pijnacker-Nootdorp,0.0,0.0,0.0,0.0,0.0,0.0,0.0,2.0,2.0,2.0,2.0,2.0,4.0,5.0,5.0,6.0,6.0,7.0,8.0,10.0,11.0,11.0,11.0,11.0,11.0,12.0,14.0,16.0,20.0,23,24,26,29,9,10,10,10,11,13.0,14
Purmerend,0.0,0.0,0.0,0.0,0.0,0.0,0.0,0.0,0.0,0.0,0.0,0.0,0.0,1.0,1.0,2.0,2.0,2.0,2.0,2.0,4.0,7.0,11.0,14.0,20.0,22.0,23.0,32.0,39.0,48,52,56,63,35,37,38,44,47,47.0,47
Putten,0.0,0.0,0.0,0.0,0.0,0.0,0.0,0.0,0.0,0.0,0.0,0.0,0.0,0.0,0.0,0.0,0.0,0.0,2.0,2.0,2.0,2.0,3.0,3.0,3.0,3.0,3.0,5.0,6.0,6,6,6,6,1,1,1,1,1,1.0,1
Raalte,0.0,0.0,0.0,0.0,0.0,0.0,0.0,0.0,0.0,0.0,0.0,0.0,0.0,0.0,1.0,1.0,1.0,1.0,2.0,3.0,3.0,3.0,3.0,3.0,5.0,5.0,6.0,10.0,12.0,13,15,17,20,14,16,18,18,18,18.0,19
Reimerswaal,0.0,0.0,0.0,0.0,0.0,0.0,0.0,0.0,0.0,0.0,0.0,0.0,0.0,0.0,1.0,1.0,1.0,1.0,2.0,2.0,3.0,4.0,5.0,5.0,5.0,5.0,6.0,7.0,7.0,7,7,7,7,4,4,4,4,4,4.0,4
Renkum,0.0,0.0,0.0,0.0,0.0,0.0,0.0,0.0,1.0,1.0,5.0,5.0,5.0,7.0,7.0,7.0,7.0,8.0,8.0,8.0,8.0,8.0,9.0,9.0,10.0,10.0,11.0,12.0,14.0,17,18,19,21,10,11,11,11,11,11.0,11
Renswoude,0.0,0.0,0.0,0.0,0.0,0.0,0.0,0.0,0.0,0.0,0.0,0.0,0.0,0.0,0.0,0.0,0.0,0.0,0.0,0.0,0.0,0.0,0.0,0.0,0.0,0.0,0.0,0.0,0.0,1,1,1,1,1,1,1,1,3,3.0,3
Reusel-De Mierden,0.0,0.0,0.0,0.0,0.0,0.0,0.0,0.0,0.0,0.0,0.0,0.0,0.0,0.0,0.0,0.0,0.0,0.0,0.0,0.0,0.0,0.0,0.0,0.0,1.0,1.0,1.0,1.0,4.0,4,5,6,7,1,4,5,6,7,7.0,7
Rheden,0.0,0.0,0.0,0.0,0.0,0.0,0.0,0.0,0.0,0.0,0.0,0.0,1.0,1.0,1.0,1.0,1.0,1.0,1.0,2.0,3.0,4.0,7.0,7.0,10.0,12.0,15.0,18.0,21.0,27,30,34,35,20,22,24,26,28,28.0,28
Rhenen,0.0,0.0,0.0,0.0,0.0,0.0,0.0,0.0,0.0,0.0,0.0,0.0,0.0,0.0,0.0,0.0,0.0,0.0,0.0,0.0,0.0,0.0,0.0,0.0,0.0,1.0,1.0,1.0,2.0,5,6,6,6,2,3,3,3,3,3.0,3
Ridderkerk,0.0,0.0,0.0,0.0,0.0,0.0,0.0,0.0,0.0,1.0,1.0,1.0,1.0,1.0,1.0,1.0,1.0,1.0,1.0,1.0,1.0,1.0,2.0,4.0,5.0,5.0,7.0,9.0,13.0,19,27,33,34,18,22,23,23,24,26.0,27
Rijssen-Holten,0.0,0.0,0.0,0.0,0.0,0.0,0.0,0.0,0.0,0.0,0.0,0.0,0.0,0.0,0.0,0.0,0.0,0.0,0.0,0.0,0.0,0.0,2.0,3.0,4.0,4.0,4.0,9.0,13.0,13,17,21,21,8,8,13,13,15,16.0,16
Rijswijk,0.0,0.0,0.0,0.0,0.0,0.0,0.0,0.0,0.0,0.0,0.0,0.0,0.0,0.0,0.0,0.0,0.0,0.0,1.0,2.0,3.0,3.0,4.0,4.0,5.0,7.0,8.0,10.0,11.0,14,16,17,20,12,12,13,14,14,14.0,14
Roerdalen,0.0,0.0,0.0,0.0,0.0,0.0,0.0,0.0,0.0,0.0,0.0,0.0,0.0,0.0,0.0,0.0,0.0,0.0,0.0,0.0,1.0,1.0,4.0,4.0,6.0,7.0,10.0,10.0,11.0,13,14,14,18,13,16,17,18,18,19.0,21
Roermond,0.0,0.0,0.0,0.0,0.0,0.0,0.0,0.0,0.0,0.0,1.0,1.0,1.0,1.0,1.0,1.0,2.0,2.0,2.0,4.0,6.0,13.0,15.0,18.0,21.0,23.0,26.0,28.0,29.0,31,32,32,38,25,30,30,33,36,37.0,37
Roosendaal,0.0,0.0,0.0,0.0,0.0,0.0,0.0,0.0,0.0,0.0,0.0,0.0,0.0,1.0,1.0,2.0,2.0,5.0,6.0,6.0,6.0,7.0,8.0,8.0,11.0,16.0,18.0,20.0,24.0,25,25,26,26,11,12,12,15,15,15.0,15
Rotterdam,0.0,0.0,0.0,0.0,0.0,1.0,3.0,5.0,9.0,11.0,14.0,14.0,15.0,15.0,15.0,20.0,24.0,25.0,30.0,41.0,58.0,81.0,104.0,120.0,139.0,149.0,163.0,186.0,204.0,249,308,341,375,120,132,151,159,172,181.0,198
Rozendaal,0.0,0.0,0.0,0.0,0.0,0.0,0.0,0.0,0.0,0.0,0.0,0.0,0.0,0.0,0.0,0.0,0.0,1.0,1.0,1.0,2.0,2.0,2.0,2.0,2.0,2.0,2.0,2.0,2.0,2,2,2,2,1,1,1,1,1,1.0,1
Rucphen,0.0,0.0,0.0,0.0,0.0,0.0,0.0,0.0,0.0,0.0,0.0,0.0,0.0,0.0,0.0,0.0,0.0,1.0,1.0,1.0,1.0,2.0,3.0,6.0,6.0,6.0,6.0,6.0,6.0,10,10,10,10,3,4,4,5,5,6.0,6
s-Gravenhage,0.0,0.0,0.0,0.0,0.0,0.0,0.0,0.0,0.0,0.0,0.0,0.0,0.0,0.0,0.0,0.0,0.0,0.0,0.0,0.0,0.0,0.0,0.0,0.0,0.0,0.0,0.0,0.0,0.0,124,161,176,182,81,96,112,115,121,130.0,139
Schagen,0.0,0.0,0.0,0.0,0.0,0.0,0.0,0.0,0.0,0.0,0.0,0.0,1.0,1.0,1.0,2.0,3.0,4.0,4.0,4.0,5.0,6.0,6.0,7.0,7.0,7.0,10.0,11.0,12.0,13,13,16,19,10,10,10,11,12,13.0,14
Scherpenzeel,0.0,0.0,0.0,0.0,0.0,0.0,0.0,0.0,0.0,0.0,0.0,0.0,0.0,0.0,0.0,0.0,0.0,0.0,0.0,0.0,0.0,0.0,0.0,0.0,1.0,2.0,2.0,2.0,3.0,4,5,4,4,0,0,0,0,0,0.0,2
Schiedam,0.0,0.0,0.0,0.0,0.0,0.0,0.0,0.0,0.0,0.0,0.0,0.0,0.0,0.0,0.0,0.0,0.0,1.0,1.0,1.0,1.0,2.0,4.0,6.0,8.0,8.0,10.0,14.0,16.0,19,22,27,31,19,21,21,23,23,24.0,27
Schiermonnikoog,0.0,0.0,0.0,0.0,0.0,0.0,0.0,0.0,0.0,0.0,0.0,0.0,0.0,0.0,0.0,0.0,0.0,0.0,0.0,0.0,0.0,0.0,0.0,0.0,0.0,0.0,0.0,0.0,0.0,0,0,0,0,0,0,0,0,0,0.0,0
Schouwen-Duiveland,0.0,0.0,0.0,0.0,0.0,0.0,0.0,0.0,0.0,1.0,1.0,1.0,2.0,1.0,2.0,2.0,2.0,2.0,2.0,2.0,2.0,2.0,2.0,3.0,3.0,3.0,3.0,6.0,8.0,9,9,10,10,6,7,7,7,8,8.0,9
Simpelveld,0.0,0.0,0.0,0.0,0.0,0.0,0.0,0.0,2.0,2.0,2.0,2.0,2.0,2.0,2.0,2.0,2.0,3.0,3.0,4.0,5.0,5.0,5.0,5.0,5.0,5.0,7.0,8.0,10.0,10,11,12,14,2,2,8,13,14,14.0,15
Sint Anthonis,0.0,0.0,0.0,0.0,0.0,0.0,0.0,0.0,0.0,0.0,0.0,0.0,0.0,0.0,0.0,0.0,2.0,2.0,3.0,4.0,5.0,8.0,10.0,12.0,13.0,13.0,13.0,13.0,14.0,18,21,30,31,14,14,14,15,15,15.0,15
Sint-Michielsgestel,0.0,0.0,0.0,0.0,0.0,0.0,0.0,1.0,2.0,3.0,5.0,5.0,5.0,5.0,5.0,5.0,6.0,6.0,8.0,8.0,10.0,10.0,12.0,12.0,14.0,14.0,17.0,18.0,22.0,28,29,32,33,14,14,15,15,15,17.0,18
Sittard-Geleen,0.0,0.0,0.0,0.0,0.0,0.0,0.0,2.0,5.0,4.0,7.0,8.0,13.0,20.0,20.0,23.0,35.0,37.0,38.0,42.0,51.0,51.0,58.0,58.0,59.0,61.0,84.0,86.0,94.0,98,102,106,114,24,25,55,63,65,68.0,71
Sliedrecht,0.0,0.0,0.0,0.0,0.0,0.0,0.0,0.0,0.0,0.0,0.0,0.0,0.0,0.0,0.0,0.0,0.0,0.0,0.0,1.0,1.0,1.0,2.0,3.0,3.0,3.0,4.0,5.0,7.0,6,6,6,7,1,2,2,2,3,4.0,5
Sluis,0.0,0.0,0.0,0.0,0.0,0.0,0.0,0.0,0.0,0.0,0.0,0.0,0.0,0.0,0.0,0.0,0.0,1.0,2.0,2.0,2.0,2.0,3.0,3.0,4.0,4.0,5.0,5.0,6.0,6,6,6,6,4,4,4,4,4,4.0,5
Smallingerland,0.0,0.0,0.0,0.0,0.0,0.0,0.0,0.0,0.0,0.0,0.0,0.0,0.0,1.0,1.0,1.0,2.0,3.0,3.0,3.0,3.0,3.0,3.0,3.0,3.0,3.0,3.0,4.0,5.0,5,7,8,10,5,5,5,5,5,6.0,6
Soest,0.0,0.0,0.0,0.0,0.0,0.0,0.0,4.0,6.0,7.0,7.0,7.0,8.0,8.0,8.0,8.0,8.0,8.0,10.0,11.0,12.0,13.0,14.0,15.0,16.0,16.0,20.0,21.0,23.0,28,28,29,30,9,9,10,13,14,14.0,14
Someren,0.0,0.0,0.0,0.0,0.0,0.0,0.0,0.0,0.0,0.0,0.0,0.0,0.0,0.0,0.0,0.0,1.0,1.0,1.0,2.0,3.0,3.0,5.0,5.0,6.0,7.0,7.0,10.0,15.0,19,22,27,29,8,13,14,19,20,20.0,20
Son en Breugel,0.0,0.0,0.0,0.0,0.0,0.0,0.0,0.0,0.0,0.0,0.0,0.0,0.0,1.0,1.0,2.0,2.0,2.0,4.0,4.0,4.0,5.0,7.0,8.0,10.0,10.0,13.0,15.0,19.0,20,22,24,24,15,18,19,20,22,22.0,22
Stadskanaal,0.0,0.0,0.0,0.0,0.0,0.0,0.0,0.0,0.0,0.0,0.0,0.0,0.0,0.0,0.0,0.0,0.0,0.0,0.0,0.0,0.0,0.0,0.0,0.0,0.0,0.0,0.0,0.0,1.0,1,1,1,1,0,0,0,0,0,0.0,0
Staphorst,0.0,0.0,0.0,0.0,0.0,0.0,0.0,0.0,0.0,0.0,0.0,0.0,0.0,0.0,0.0,0.0,1.0,1.0,1.0,1.0,1.0,2.0,3.0,3.0,3.0,4.0,4.0,4.0,4.0,5,5,5,6,1,1,1,3,4,4.0,4
Stede Broec,0.0,0.0,0.0,0.0,0.0,0.0,0.0,0.0,0.0,0.0,0.0,0.0,0.0,0.0,0.0,0.0,0.0,0.0,1.0,1.0,1.0,3.0,3.0,5.0,5.0,8.0,9.0,13.0,17.0,18,18,20,20,10,11,11,13,13,13.0,15
Steenbergen,0.0,0.0,0.0,0.0,0.0,0.0,0.0,0.0,0.0,0.0,0.0,0.0,0.0,0.0,0.0,0.0,0.0,1.0,2.0,2.0,2.0,4.0,4.0,5.0,8.0,8.0,9.0,11.0,11.0,14,14,17,17,7,7,7,8,8,8.0,8
Steenwijkerland,0.0,0.0,0.0,0.0,0.0,0.0,0.0,0.0,0.0,0.0,0.0,0.0,0.0,0.0,0.0,0.0,0.0,0.0,0.0,1.0,1.0,1.0,1.0,3.0,3.0,4.0,5.0,6.0,8.0,8,8,10,10,6,7,7,8,8,8.0,8
Stein,0.0,0.0,0.0,0.0,0.0,0.0,0.0,0.0,0.0,0.0,0.0,0.0,0.0,1.0,1.0,1.0,3.0,3.0,3.0,3.0,4.0,4.0,5.0,5.0,6.0,9.0,24.0,24.0,28.0,29,31,32,34,11,11,24,25,26,28.0,31
Stichtse Vecht,0.0,0.0,0.0,0.0,0.0,0.0,0.0,2.0,3.0,4.0,5.0,5.0,5.0,5.0,5.0,6.0,6.0,7.0,7.0,8.0,9.0,10.0,10.0,10.0,12.0,13.0,16.0,22.0,27.0,30,31,33,34,16,16,18,20,20,22.0,23
Súdwest-Fryslân,0.0,0.0,0.0,0.0,0.0,0.0,0.0,0.0,0.0,0.0,0.0,0.0,0.0,0.0,0.0,1.0,1.0,1.0,1.0,1.0,2.0,2.0,2.0,4.0,5.0,5.0,6.0,8.0,12.0,15,19,22,23,12,13,13,13,13,0.0,13
Terneuzen,0.0,0.0,0.0,0.0,0.0,0.0,0.0,0.0,0.0,0.0,0.0,0.0,0.0,0.0,0.0,0.0,1.0,1.0,1.0,2.0,3.0,4.0,5.0,5.0,5.0,6.0,6.0,10.0,14.0,16,17,18,20,11,13,14,15,15,15.0,16
Terschelling,0.0,0.0,0.0,0.0,0.0,0.0,0.0,0.0,0.0,0.0,0.0,0.0,0.0,0.0,0.0,0.0,0.0,0.0,0.0,0.0,0.0,0.0,0.0,0.0,0.0,0.0,0.0,0.0,0.0,0,0,0,0,0,0,0,0,0,0.0,0
Texel,0.0,0.0,0.0,0.0,0.0,0.0,0.0,0.0,0.0,0.0,0.0,0.0,0.0,0.0,0.0,0.0,0.0,0.0,0.0,0.0,0.0,2.0,3.0,3.0,3.0,3.0,3.0,3.0,3.0,3,3,3,3,1,1,2,2,2,3.0,3
Teylingen,0.0,0.0,0.0,0.0,0.0,0.0,0.0,0.0,0.0,0.0,0.0,0.0,0.0,0.0,0.0,0.0,0.0,0.0,1.0,2.0,2.0,2.0,3.0,5.0,7.0,7.0,7.0,8.0,10.0,11,11,13,13,6,7,7,8,10,11.0,11
Tholen,0.0,0.0,0.0,0.0,0.0,0.0,0.0,0.0,0.0,0.0,0.0,0.0,0.0,0.0,0.0,0.0,0.0,1.0,1.0,1.0,2.0,2.0,2.0,7.0,7.0,8.0,11.0,13.0,14.0,20,25,30,34,20,23,25,26,30,30.0,30
Tiel,0.0,0.0,0.0,0.0,0.0,0.0,0.0,0.0,0.0,0.0,0.0,1.0,1.0,1.0,2.0,2.0,2.0,3.0,4.0,4.0,4.0,4.0,4.0,4.0,5.0,6.0,8.0,14.0,20.0,23,27,29,33,21,21,21,24,24,26.0,28
Tilburg,1.0,1.0,3.0,4.0,4.0,2.0,3.0,3.0,4.0,10.0,12.0,27.0,29.0,42.0,50.0,67.0,68.0,68.0,84.0,88.0,95.0,119.0,133.0,154.0,178.0,193.0,211.0,224.0,230.0,254,284,306,330,115,119,124,135,139,144.0,144
Tubbergen,0.0,0.0,0.0,0.0,0.0,0.0,0.0,0.0,0.0,0.0,0.0,1.0,1.0,1.0,1.0,1.0,1.0,1.0,1.0,1.0,1.0,3.0,3.0,3.0,3.0,4.0,4.0,4.0,9.0,11,12,13,14,7,7,8,8,9,9.0,9
Twenterand,0.0,0.0,0.0,0.0,0.0,0.0,0.0,0.0,0.0,0.0,0.0,0.0,0.0,0.0,0.0,0.0,0.0,0.0,0.0,0.0,0.0,0.0,0.0,1.0,1.0,2.0,3.0,3.0,3.0,5,5,6,8,5,5,6,6,7,8.0,8
Tynaarlo,0.0,0.0,0.0,0.0,0.0,0.0,0.0,0.0,0.0,0.0,0.0,0.0,0.0,0.0,0.0,0.0,0.0,0.0,0.0,1.0,3.0,4.0,5.0,7.0,8.0,8.0,10.0,13.0,15.0,16,16,17,17,5,5,5,6,7,7.0,7
Tytsjerksteradiel,0.0,0.0,0.0,0.0,0.0,0.0,0.0,0.0,0.0,0.0,0.0,0.0,0.0,0.0,0.0,0.0,0.0,0.0,1.0,1.0,1.0,1.0,1.0,1.0,1.0,1.0,1.0,2.0,2.0,3,4,4,4,1,1,3,3,3,3.0,3
Uden,0.0,0.0,0.0,0.0,0.0,0.0,0.0,0.0,2.0,6.0,7.0,12.0,13.0,18.0,21.0,25.0,28.0,33.0,43.0,49.0,53.0,60.0,71.0,76.0,82.0,84.0,92.0,94.0,107.0,123,130,142,154,67,73,77,80,81,82.0,82
Uitgeest,0.0,0.0,0.0,0.0,0.0,0.0,0.0,0.0,0.0,0.0,0.0,0.0,0.0,0.0,0.0,0.0,0.0,0.0,0.0,0.0,0.0,0.0,2.0,2.0,4.0,4.0,4.0,4.0,4.0,7,7,8,9,3,3,3,3,3,3.0,3
Uithoorn,0.0,0.0,0.0,0.0,0.0,0.0,0.0,0.0,0.0,0.0,0.0,0.0,0.0,0.0,0.0,0.0,0.0,0.0,0.0,0.0,1.0,2.0,2.0,2.0,2.0,2.0,4.0,5.0,7.0,11,16,17,17,9,9,9,9,9,9.0,10
Urk,0.0,0.0,0.0,0.0,0.0,0.0,0.0,0.0,0.0,0.0,0.0,0.0,0.0,0.0,0.0,0.0,0.0,0.0,0.0,0.0,1.0,4.0,5.0,6.0,7.0,7.0,7.0,7.0,8.0,9,10,14,14,11,11,12,13,14,14.0,16
Utrecht,0.0,0.0,0.0,0.0,2.0,2.0,2.0,6.0,8.0,11.0,13.0,13.0,14.0,18.0,25.0,26.0,30.0,38.0,48.0,60.0,69.0,83.0,101.0,121.0,131.0,145.0,160.0,191.0,215.0,243,265,290,307,75,80,90,103,111,120.0,131
Utrechtse Heuvelrug,0.0,0.0,0.0,0.0,0.0,0.0,0.0,0.0,1.0,1.0,2.0,2.0,2.0,2.0,2.0,2.0,2.0,2.0,3.0,5.0,6.0,8.0,8.0,8.0,11.0,14.0,14.0,15.0,17.0,22,25,30,32,11,10,11,13,15,16.0,17
Vaals,0.0,0.0,0.0,0.0,0.0,0.0,0.0,0.0,0.0,0.0,0.0,0.0,0.0,0.0,0.0,0.0,0.0,0.0,0.0,0.0,0.0,0.0,0.0,0.0,0.0,0.0,3.0,4.0,6.0,6,6,8,9,2,2,6,6,6,7.0,7
Valkenburg aan de Geul,0.0,0.0,0.0,0.0,0.0,0.0,0.0,0.0,0.0,0.0,0.0,0.0,0.0,0.0,0.0,0.0,0.0,0.0,1.0,2.0,2.0,2.0,4.0,4.0,4.0,4.0,8.0,9.0,10.0,11,12,13,15,2,2,3,8,8,10.0,12
Valkenswaard,0.0,0.0,0.0,0.0,0.0,0.0,0.0,0.0,0.0,0.0,0.0,0.0,0.0,0.0,0.0,0.0,0.0,0.0,0.0,0.0,1.0,1.0,2.0,4.0,4.0,5.0,8.0,9.0,17.0,20,26,31,36,6,8,8,10,10,10.0,10
Veendam,0.0,0.0,0.0,0.0,0.0,0.0,0.0,0.0,0.0,0.0,0.0,0.0,0.0,0.0,0.0,0.0,0.0,0.0,0.0,0.0,0.0,0.0,0.0,0.0,0.0,0.0,0.0,1.0,1.0,1,2,2,2,1,1,1,1,1,1.0,1
Veenendaal,0.0,0.0,0.0,0.0,0.0,0.0,0.0,0.0,0.0,0.0,0.0,0.0,0.0,0.0,1.0,1.0,1.0,1.0,1.0,1.0,1.0,2.0,2.0,2.0,3.0,6.0,6.0,7.0,7.0,13,14,15,20,7,7,7,9,9,12.0,14
Veere,0.0,0.0,0.0,0.0,0.0,0.0,0.0,0.0,0.0,0.0,0.0,0.0,0.0,2.0,1.0,1.0,1.0,1.0,1.0,1.0,1.0,1.0,2.0,5.0,5.0,6.0,6.0,6.0,7.0,8,9,9,9,3,3,3,3,3,3.0,3
Veldhoven,0.0,0.0,0.0,0.0,0.0,0.0,0.0,0.0,0.0,0.0,0.0,1.0,1.0,1.0,1.0,1.0,1.0,1.0,1.0,1.0,1.0,2.0,5.0,9.0,11.0,11.0,14.0,18.0,22.0,22,24,26,28,7,8,9,14,15,15.0,15
Velsen,0.0,0.0,0.0,0.0,0.0,0.0,0.0,0.0,0.0,0.0,0.0,0.0,0.0,0.0,1.0,1.0,1.0,1.0,4.0,4.0,4.0,4.0,5.0,8.0,10.0,11.0,15.0,15.0,23.0,25,31,38,40,13,15,16,16,17,18.0,18
Venlo,0.0,0.0,0.0,0.0,0.0,0.0,0.0,0.0,0.0,0.0,0.0,1.0,1.0,1.0,2.0,2.0,3.0,4.0,6.0,8.0,12.0,21.0,24.0,33.0,33.0,35.0,40.0,47.0,54.0,67,71,86,96,64,66,72,80,83,85.0,95
Venray,0.0,0.0,0.0,0.0,0.0,0.0,0.0,0.0,0.0,0.0,0.0,0.0,0.0,0.0,0.0,0.0,0.0,0.0,0.0,0.0,1.0,3.0,6.0,8.0,9.0,10.0,13.0,17.0,20.0,21,26,31,37,22,22,23,23,25,29.0,32
Vijfheerenlanden,0.0,0.0,0.0,0.0,0.0,0.0,0.0,0.0,0.0,1.0,1.0,1.0,1.0,1.0,1.0,2.0,2.0,2.0,3.0,4.0,4.0,7.0,7.0,9.0,11.0,12.0,18.0,21.0,24.0,24,27,36,47,11,11,12,15,16,16.0,19
Vlaardingen,0.0,0.0,0.0,0.0,0.0,0.0,0.0,0.0,0.0,0.0,0.0,0.0,0.0,0.0,1.0,1.0,1.0,1.0,1.0,2.0,2.0,4.0,7.0,12.0,15.0,15.0,18.0,22.0,24.0,28,30,35,43,12,15,16,17,18,20.0,22
Vlieland,0.0,0.0,0.0,0.0,0.0,0.0,0.0,0.0,0.0,0.0,0.0,0.0,0.0,0.0,0.0,0.0,0.0,0.0,0.0,0.0,0.0,0.0,0.0,0.0,0.0,0.0,0.0,0.0,0.0,0,0,0,0,0,0,0,0,0,0.0,0
Vlissingen,0.0,0.0,0.0,0.0,0.0,0.0,0.0,0.0,0.0,0.0,0.0,0.0,0.0,0.0,2.0,2.0,2.0,2.0,3.0,4.0,4.0,5.0,6.0,6.0,6.0,8.0,8.0,8.0,8.0,8,10,10,13,5,6,6,6,6,6.0,7
Voerendaal,0.0,0.0,0.0,0.0,0.0,0.0,0.0,0.0,0.0,0.0,0.0,0.0,0.0,0.0,0.0,0.0,0.0,0.0,0.0,1.0,3.0,3.0,4.0,4.0,4.0,4.0,5.0,6.0,7.0,7,8,10,13,2,2,7,8,9,9.0,11
Voorschoten,0.0,0.0,0.0,0.0,0.0,0.0,0.0,0.0,0.0,0.0,0.0,0.0,0.0,0.0,0.0,0.0,0.0,0.0,0.0,0.0,1.0,1.0,2.0,2.0,3.0,3.0,3.0,5.0,6.0,6,7,8,8,4,5,5,6,7,7.0,7
Voorst,0.0,0.0,0.0,0.0,0.0,0.0,0.0,0.0,0.0,0.0,0.0,1.0,1.0,1.0,1.0,1.0,1.0,1.0,1.0,1.0,1.0,1.0,1.0,2.0,2.0,2.0,3.0,6.0,10.0,13,15,18,20,3,3,6,6,7,7.0,7
Vught,0.0,0.0,0.0,0.0,0.0,0.0,0.0,0.0,0.0,0.0,0.0,1.0,1.0,1.0,2.0,2.0,2.0,2.0,3.0,6.0,7.0,8.0,8.0,11.0,15.0,17.0,19.0,22.0,25.0,29,31,36,38,23,24,25,27,27,27.0,29
Waadhoeke,0.0,0.0,0.0,0.0,0.0,0.0,0.0,0.0,0.0,0.0,0.0,0.0,0.0,0.0,0.0,0.0,0.0,0.0,0.0,0.0,0.0,0.0,0.0,0.0,0.0,0.0,0.0,0.0,2.0,3,3,6,6,2,4,4,4,5,6.0,6
Waalre,0.0,0.0,0.0,0.0,0.0,0.0,0.0,0.0,1.0,1.0,1.0,1.0,1.0,1.0,1.0,1.0,1.0,1.0,1.0,1.0,2.0,2.0,2.0,2.0,2.0,2.0,3.0,2.0,6.0,6,6,7,8,0,1,1,3,3,3.0,3
Waalwijk,0.0,0.0,0.0,0.0,0.0,0.0,0.0,0.0,1.0,3.0,5.0,5.0,5.0,6.0,6.0,9.0,8.0,8.0,10.0,11.0,12.0,13.0,15.0,16.0,22.0,24.0,29.0,34.0,39.0,46,54,59,59,16,16,15,15,17,17.0,18
Waddinxveen,0.0,0.0,0.0,0.0,0.0,0.0,0.0,0.0,0.0,0.0,0.0,0.0,1.0,1.0,1.0,1.0,1.0,1.0,1.0,1.0,1.0,3.0,3.0,4.0,4.0,4.0,4.0,5.0,6.0,7,8,9,9,4,6,6,7,7,8.0,9
Wageningen,0.0,0.0,0.0,0.0,0.0,0.0,0.0,0.0,0.0,0.0,0.0,0.0,0.0,0.0,0.0,0.0,0.0,0.0,0.0,1.0,1.0,1.0,2.0,3.0,3.0,3.0,3.0,3.0,4.0,5,7,8,8,5,6,6,8,8,8.0,9
Wassenaar,0.0,0.0,0.0,0.0,0.0,0.0,0.0,0.0,0.0,0.0,0.0,0.0,0.0,0.0,0.0,1.0,2.0,2.0,3.0,3.0,3.0,4.0,4.0,5.0,5.0,5.0,5.0,5.0,6.0,6,6,6,6,2,2,2,2,2,2.0,4
Waterland,0.0,0.0,0.0,0.0,0.0,0.0,0.0,0.0,0.0,0.0,1.0,1.0,1.0,1.0,1.0,1.0,1.0,2.0,3.0,3.0,4.0,7.0,7.0,8.0,8.0,9.0,10.0,11.0,11.0,11,11,12,14,8,8,8,8,9,9.0,9
Weert,0.0,0.0,0.0,0.0,0.0,0.0,0.0,0.0,0.0,0.0,0.0,0.0,0.0,0.0,0.0,0.0,0.0,0.0,0.0,0.0,0.0,0.0,4.0,7.0,7.0,12.0,17.0,24.0,28.0,27,36,41,43,27,30,31,33,34,37.0,40
Weesp,0.0,0.0,0.0,0.0,0.0,0.0,0.0,0.0,0.0,0.0,0.0,0.0,0.0,0.0,0.0,0.0,0.0,0.0,0.0,0.0,0.0,0.0,1.0,1.0,1.0,1.0,2.0,6.0,7.0,8,10,10,10,2,4,5,5,5,5.0,5
West Betuwe,0.0,0.0,0.0,0.0,0.0,0.0,0.0,0.0,1.0,2.0,2.0,2.0,2.0,2.0,2.0,3.0,3.0,3.0,3.0,6.0,6.0,8.0,11.0,12.0,12.0,15.0,17.0,19.0,22.0,24,34,34,36,12,14,15,17,18,21.0,23
West Maas en Waal,0.0,0.0,0.0,0.0,0.0,0.0,0.0,0.0,1.0,1.0,1.0,1.0,1.0,1.0,2.0,2.0,2.0,3.0,3.0,3.0,3.0,3.0,4.0,4.0,6.0,7.0,8.0,11.0,13.0,13,15,17,19,9,9,9,9,9,11.0,11
Westerkwartier,0.0,0.0,0.0,0.0,0.0,0.0,0.0,0.0,0.0,0.0,0.0,0.0,0.0,0.0,0.0,0.0,0.0,1.0,1.0,1.0,1.0,3.0,2.0,3.0,6.0,8.0,8.0,9.0,12.0,15,16,18,20,9,9,10,10,10,11.0,11
Westerveld,0.0,0.0,0.0,0.0,0.0,0.0,0.0,0.0,0.0,0.0,0.0,0.0,0.0,0.0,0.0,0.0,0.0,0.0,0.0,0.0,0.0,0.0,0.0,1.0,1.0,2.0,2.0,2.0,2.0,3,4,5,6,1,1,2,3,3,3.0,3
Westervoort,0.0,0.0,0.0,0.0,0.0,0.0,0.0,0.0,0.0,0.0,0.0,0.0,0.0,0.0,0.0,0.0,0.0,0.0,0.0,0.0,0.0,0.0,1.0,1.0,2.0,2.0,2.0,2.0,2.0,2,4,4,5,2,3,3,4,4,4.0,5
Westerwolde,0.0,0.0,0.0,0.0,0.0,0.0,0.0,0.0,0.0,0.0,0.0,0.0,0.0,0.0,0.0,0.0,0.0,0.0,0.0,0.0,0.0,0.0,0.0,0.0,0.0,0.0,0.0,3.0,3.0,3,3,4,4,4,4,4,4,4,5.0,5
Westland,0.0,0.0,0.0,0.0,0.0,0.0,0.0,0.0,0.0,0.0,0.0,0.0,0.0,0.0,0.0,0.0,0.0,1.0,1.0,3.0,6.0,7.0,9.0,11.0,15.0,21.0,25.0,28.0,30.0,38,45,58,61,25,26,28,29,32,33.0,36
Weststellingwerf,0.0,0.0,0.0,0.0,0.0,0.0,0.0,0.0,0.0,0.0,0.0,0.0,0.0,0.0,0.0,0.0,0.0,0.0,0.0,0.0,0.0,0.0,0.0,1.0,1.0,1.0,1.0,1.0,2.0,2,2,3,3,2,2,2,2,2,2.0,2
Westvoorne,0.0,0.0,0.0,0.0,0.0,0.0,0.0,0.0,1.0,1.0,1.0,1.0,1.0,1.0,1.0,1.0,2.0,3.0,3.0,3.0,3.0,3.0,3.0,3.0,5.0,7.0,8.0,8.0,8.0,9,11,11,12,4,4,4,5,5,5.0,5
Wierden,0.0,0.0,0.0,0.0,0.0,0.0,0.0,0.0,0.0,0.0,0.0,0.0,0.0,0.0,0.0,0.0,0.0,0.0,0.0,0.0,0.0,0.0,0.0,0.0,0.0,0.0,0.0,1.0,2.0,4,7,9,9,2,2,2,2,2,2.0,2
Wijchen,0.0,0.0,0.0,0.0,0.0,0.0,0.0,0.0,0.0,0.0,1.0,1.0,1.0,1.0,2.0,3.0,3.0,4.0,5.0,6.0,8.0,8.0,14.0,17.0,20.0,21.0,23.0,24.0,30.0,30,35,38,43,27,30,31,32,33,33.0,33
Wijdemeren,0.0,0.0,0.0,0.0,0.0,0.0,0.0,0.0,0.0,0.0,0.0,0.0,0.0,0.0,0.0,0.0,0.0,0.0,0.0,0.0,1.0,1.0,1.0,1.0,1.0,1.0,1.0,3.0,4.0,4,5,5,5,3,4,5,5,5,5.0,5
Wijk bij Duurstede,0.0,0.0,0.0,0.0,0.0,0.0,0.0,0.0,1.0,1.0,1.0,1.0,1.0,1.0,2.0,2.0,2.0,3.0,3.0,4.0,4.0,4.0,5.0,6.0,6.0,6.0,6.0,6.0,7.0,7,9,10,11,5,7,7,7,7,8.0,8
Winterswijk,0.0,0.0,0.0,0.0,0.0,0.0,0.0,0.0,0.0,0.0,0.0,0.0,0.0,0.0,0.0,0.0,0.0,0.0,0.0,0.0,0.0,0.0,0.0,1.0,2.0,2.0,2.0,2.0,2.0,3,3,4,4,1,1,1,1,1,1.0,1
Woensdrecht,0.0,0.0,0.0,0.0,0.0,0.0,0.0,0.0,0.0,0.0,0.0,0.0,0.0,0.0,0.0,0.0,0.0,0.0,0.0,0.0,0.0,0.0,0.0,0.0,2.0,3.0,4.0,5.0,5.0,5,6,6,6,4,4,4,4,4,4.0,4
Woerden,0.0,0.0,0.0,0.0,0.0,0.0,0.0,0.0,2.0,2.0,2.0,2.0,2.0,2.0,2.0,2.0,2.0,2.0,2.0,3.0,4.0,4.0,5.0,6.0,7.0,14.0,19.0,22.0,25.0,25,34,40,44,22,25,26,27,28,31.0,33
Wormerland,0.0,0.0,0.0,0.0,0.0,0.0,0.0,0.0,0.0,0.0,0.0,0.0,0.0,0.0,0.0,0.0,0.0,0.0,0.0,0.0,0.0,1.0,1.0,1.0,1.0,2.0,2.0,3.0,5.0,6,7,8,13,8,9,10,11,12,12.0,12
Woudenberg,0.0,0.0,0.0,0.0,0.0,0.0,0.0,0.0,0.0,0.0,0.0,0.0,0.0,1.0,1.0,1.0,1.0,1.0,1.0,1.0,2.0,2.0,3.0,3.0,3.0,4.0,4.0,6.0,7.0,6,6,7,8,2,2,2,3,5,6.0,6
Zaanstad,0.0,0.0,0.0,0.0,0.0,0.0,0.0,0.0,0.0,2.0,2.0,2.0,2.0,2.0,2.0,2.0,2.0,2.0,2.0,2.0,2.0,4.0,3.0,9.0,11.0,19.0,20.0,29.0,31.0,46,50,56,75,32,34,35,48,70,71.0,71
Zaltbommel,0.0,0.0,0.0,0.0,0.0,0.0,1.0,1.0,1.0,1.0,1.0,1.0,1.0,1.0,1.0,1.0,1.0,1.0,1.0,3.0,3.0,3.0,4.0,5.0,6.0,7.0,7.0,7.0,7.0,9,13,16,16,8,9,10,10,10,13.0,13
Zandvoort,0.0,0.0,0.0,0.0,0.0,0.0,0.0,0.0,0.0,0.0,0.0,0.0,0.0,0.0,0.0,0.0,1.0,1.0,1.0,1.0,1.0,1.0,1.0,2.0,2.0,3.0,6.0,6.0,6.0,6,7,10,10,4,4,6,7,7,7.0,7
Zeewolde,0.0,0.0,0.0,0.0,0.0,0.0,0.0,1.0,1.0,1.0,1.0,1.0,1.0,1.0,1.0,1.0,2.0,2.0,2.0,2.0,3.0,3.0,4.0,4.0,4.0,4.0,4.0,5.0,6.0,7,7,8,9,3,4,5,5,5,6.0,6
Zeist,0.0,0.0,0.0,0.0,0.0,0.0,0.0,0.0,0.0,1.0,1.0,1.0,2.0,3.0,4.0,4.0,4.0,6.0,8.0,12.0,12.0,12.0,13.0,17.0,17.0,19.0,20.0,25.0,28.0,34,40,44,47,12,13,15,18,20,23.0,25
Zevenaar,0.0,0.0,0.0,0.0,0.0,0.0,0.0,0.0,0.0,0.0,0.0,0.0,0.0,0.0,0.0,0.0,0.0,0.0,0.0,0.0,2.0,3.0,5.0,6.0,8.0,9.0,10.0,10.0,10.0,12,15,20,21,16,18,20,24,24,26.0,27
Zoetermeer,0.0,0.0,0.0,0.0,0.0,0.0,0.0,0.0,0.0,0.0,0.0,0.0,0.0,0.0,0.0,0.0,0.0,0.0,0.0,0.0,1.0,1.0,4.0,4.0,5.0,7.0,8.0,13.0,14.0,17,21,26,28,21,22,23,24,25,28.0,28
Zoeterwoude,0.0,0.0,0.0,0.0,0.0,0.0,0.0,0.0,0.0,0.0,0.0,0.0,0.0,0.0,0.0,0.0,0.0,0.0,0.0,0.0,0.0,0.0,0.0,0.0,0.0,0.0,1.0,1.0,1.0,2,2,3,3,2,2,2,2,2,2.0,2
Zuidplas,0.0,0.0,0.0,0.0,0.0,0.0,0.0,0.0,0.0,0.0,0.0,0.0,0.0,0.0,0.0,0.0,0.0,0.0,0.0,0.0,0.0,0.0,0.0,1.0,3.0,3.0,3.0,6.0,10.0,11,15,16,17,9,10,10,12,12,12.0,13
Zundert,0.0,0.0,0.0,0.0,0.0,0.0,0.0,0.0,0.0,0.0,1.0,1.0,1.0,2.0,2.0,3.0,3.0,3.0,3.0,4.0,6.0,6.0,7.0,7.0,7.0,9.0,11.0,14.0,15.0,17,23,24,25,13,13,14,14,14,14.0,14
Zutphen,0.0,0.0,0.0,0.0,0.0,0.0,0.0,0.0,0.0,0.0,0.0,0.0,0.0,0.0,0.0,0.0,0.0,0.0,0.0,1.0,1.0,1.0,2.0,4.0,4.0,6.0,6.0,8.0,8.0,10,11,15,16,5,8,9,10,10,10.0,11
Zwartewaterland,0.0,0.0,0.0,0.0,0.0,0.0,0.0,0.0,0.0,0.0,0.0,0.0,0.0,0.0,0.0,2.0,2.0,2.0,2.0,4.0,4.0,5.0,9.0,15.0,17.0,19.0,22.0,30.0,33.0,36,38,43,45,20,20,21,21,22,22.0,22
Zwijndrecht,0.0,0.0,0.0,0.0,0.0,0.0,0.0,0.0,0.0,0.0,0.0,0.0,0.0,0.0,0.0,0.0,2.0,3.0,3.0,4.0,5.0,6.0,6.0,6.0,6.0,6.0,8.0,9.0,11.0,13,13,15,18,9,9,9,11,11,11.0,11
Zwolle,0.0,0.0,0.0,0.0,0.0,0.0,0.0,0.0,0.0,0.0,1.0,1.0,1.0,2.0,2.0,2.0,3.0,4.0,6.0,8.0,12.0,16.0,18.0,23.0,28.0,35.0,40.0,47.0,56.0,63,68,79,92,24,28,33,33,35,35.0,38
SUM,1.0,2.0,7.0,11.0,18.0,24.0,37.0,77.0,126.0,184.0,263.0,320.0,380.0,497.0,614.0,789.0,935.0,1090.0,1356.0,1732.0,2066.0,2470.0,2981.0,3593.0,4148.0,4664.0,5459.0,6298.0,7293.0,8437,9582,10660,11539,4643,5088,5707,6206,6537,6790.0,7048
